SACHS,EZEKIEL S,7134425818,ezekielsachs,"SACHS,MD,DR EZEKIEL S"
SAN-LUIS,JEANETTE,19362734569,jeanettesan-luis,"SAN LUIS,JEANETTE"
Sanchez,Benny,2814193705,bennysanchez,"Sanchez,M.D.,Dr. Benny"
SAPSOWITZ,STEVEN,2816555352,stevensapsowitz,"SAPSOWITZ M.D,STEVEN"
SASIN,EDWIN,2819738039,edwinsasin,"SASIN,MD,EDWIN"
Savage,Paige,19362712557,paigesavage,"Savage,PA-C,Paige"
Scarborough,Kyle Lee,19367609926,kylescarborough,"Scarborough,MD,Dr. Kyle Lee"
Schupp,Christian Mark,2817370926,christianschupp,"Schupp,M.D.,Dr. Christian Mark"
Scobercea,Razvan,2813592816,razvanscobercea,"Scobercea,M.D.,Razvan"
SCOPEL,ANGELA,8328138783,angelascopel,"SCOPEL,D.C.,ANGELA"
SEBASTIAN,CYRIL,18778053509,cyrilsebastian,"SEBASTIAN,CYRIL"
Seelhoefer,Michael,2817370944,michaelseelhoefer,"Seelhoefer MD,Dr. Michael Gregory"
SHAH,JAECEL O,2815280364,jaecelshah,"SHAH,JAECEL O"
Shahzad,Atif,2817649501,atifshahzad,"Shahzad,MD,Dr. Atif"
Shannon,Thomas,13963214353,thomasshannon,"Shannon,MD,Dr. Thomas"
Shatby,Meena Wilson,2813671201,meenashatby,"Shatby,MD,Dr. Meena Wilson"
Sheih,Samon,19362712557,samonsheih,"Sheih,MD,Dr. Samon"
SHIRODKAR,SAMIR,18888156161,samirshirodkar,"SHIRODKAR,MD,DR SAMIR"
SHIRSALKAR,ADVAYANAND,2814449070,advayanandshirsalkar,"SHIRSALKAR,MD,ADVAYANAND"
SIDDIQUI,NIHAL U,2813641016,nihalsiddiqui,"SIDDIQUI,MD,NIHAL U"
Sidiquee,Mohammad N.,2812575638,mohammadsidiquee,"Sidiquee,MD,Mohammad N."
SIMS,STEPHEN M,19367563452,stephensims,"SIMS,Dr. STEPHEN M"
Small,Tamara L.,2813670396,tamarasmall,"Small,MD,Dr. Tamara L."
SMITH,AMBER,2814199818,ambersmith,"SMITH,Dr. AMBER"
Smith-Taxis,Katherine A.,19365393829,katherinesmith-taxis,"Smith Taxis,MD,FAAP,Dr. Katherine A."
SOFOLA,IFEOLUMIPO,2813649095,ifeolumiposofola,"SOFOLA,Dr. IFEOLUMIPO"
SPAFFORD,ANDY,2818667151,andyspafford,"SPAFFORD,Dr. ANDY"
Sparkman,Chris A.,19362732018,chrissparkman,"Sparkman,MD,Dr. Chris A."
Sparks,John C.,19365392664,johnsparks,"Sparks,Dr. John C."
Springer-Bryant,Paula,2814402020,paulaspringer-bryant,"Springer Bryant,Dr. Paula"
Sprintz,Michael,7133895798,michaelsprintz,"Sprintz,DO,Michael"
STALLINGS,STEVEN KENNETH,2814460838,stevenstallings,"STALLINGS,PA-C,STEVEN KENNETH"
STANLEY,UGLAS,7133831410,uglasstanley,"STANLEY,MD,DR DOUGLAS"
STARKS,GIOVANNA,8327615476,giovannastarks,"STARKS,MD,GIOVANNA"
Stillwagon,Donald E.,2813670396,donaldstillwagon,"Stillwagon,MD,Dr. Donald E."
STOCKS,JAMES,18888156161,jamesstocks,"STOCKS,M.D.,JAMES"
Stovall,Suzanne M.,19362703801,suzannestovall,"Stovall,DO,Dr. Suzanne M."
STRAUSSER,DAVID W,2813671201,davidstrausser,"STRAUSSER,MD,DAVID W"
STUHLMAN,CASEY,2813671201,caseystuhlman,"STUHLMAN,M.D,CASEY"
Sweeney,Jeffrey C.,8328130236,jeffreysweeney,"Sweeney,MD,Dr. Jeffrey C."
SZABO,J. ROBIN,2813288394,jszabo,"SZABO,J. ROBIN"
TALAC,ROBERT,18774862924,roberttalac,"TALAC,Dr. ROBERT"
TANKSLEY,JOHN A,19362940027,johntanksley,"TANKSLEY,M.D.,JOHN A"
TARIG,SHABREZ,7135832674,shabreztarig,"TARIG,SHABREZ"
Tharian,Brenda,19366472201,brendatharian,"Tharian M.D,Brenda"
Thomas,Angela,19365393635,angelathomas,"Thomas,MD,Dr. Angela"
THOMAS,SALLY,7134617020,sallythomas,"THOMAS DO,SALLY"
THOMPSON,PATRICIA D,2813561978,patriciathompson,"THOMPSON,MD,PATRICIA D"
TOMA,SHIVANI,19362717796,shivanitoma,"TOMA MD,SHIVANI"
TOMASZEK,DAVID,19363211170,davidtomaszek,"TOMASZEK,MD,DR DAVID"
Torres,Norman,8323694935,normantorres,"Torres,M.D.,Dr. Norman"
TRITZ,JANA,19362421027,janatritz,"TRITZ FNP-C,JANA"
TURNER,TRACY,2818828057,tracyturner,"TURNER,M.D.,TRACY"
VALLE,CHRISTOPHER J,2815038164,christophervalle,"VALLE,CHRISTOPHER J"
VARUGHESE,ANNIE,2818667705,annievarughese,"VARUGHESE,MD,ANNIE"
Venkatesh,Rati,18668471496,rativenkatesh,"Venkatesh,DO,Dr. Rati"
VILELA,RONALD J.,8328253251,ronaldvilela,"VILELA,RONALD J."
VO,THI,7139043071,thivo,"VO,D.O.,THI"
VUPPALI,MADHAVILATHA,8329988250,madhavilathavuppali,"VUPPALI,DR,MADHAVILATHA"
WALI,GOUHER,19362708009,gouherwali,"WALI,M.D.,Dr. GOUHER"
Walls,Michael,19364636508,michaelwalls,"Walls,MD,Dr. Michael"
Wang,Benny,18669367076,bennywang,"Wang,MD,Dr. Benny"
Warnock,K. Mathew,2818076305,kwarnock,"Warnock,MD,Dr. K. Mathew"
Watson,Kathleen Ann,19368568429,kathleenwatson,"Watson,MD,Dr. Kathleen Ann"
Westmoreland,James,19365392664,jameswestmoreland,"Westmoreland,MD,Dr. James"
Wetzel,Stuart P.,2812925426,stuartwetzel,"Wetzel,MD,Dr. Stuart P."
WILLENS,BARRY,2813998904,barrywillens,"WILLENS,MD,DR BARRY"
WILLIAMS,RENEE,2817195448,reneewilliams,"WILLIAMS,Dr. RENEE"
Winston,Barry D.,2814406573,barrywinston,"Winston,MD,Dr. Barry D."
Wolken,Duyen N.,19362712557,duyenwolken,"Wolken,Duyen N."
Wu,Kenneth,7133895798,kennethwu,"Wu,MD,Kenneth"
Yabar,Cesar F.,19365398777,cesaryabar,"Yabar,MD,Dr. Cesar F."
YANCEY,WILLIAM,19362318018,williamyancey,"YANCEY MD,WILLIAM"
Yang,Stanley S,7138804706,stanleyyang,"Yang,M.D.,Stanley S"
Yau,Philbert T.,2813631643,philbertyau,"Yau,MD,Dr. Philbert T."
YEZAK,MARK,2813620233,markyezak,"YEZAK DC,MARK"
YOUNAS,NIZAR,19362734539,nizaryounas,"YOUNAS,MD,NIZAR"
Youngblood,Todd,2814408220,toddyoungblood,"Youngblood M.D,Todd"
Zachariah,Pheba,2817371163,phebazachariah,"Zachariah,D.O.,Dr. Pheba"
Zaidi,Syed,19367562534,syedzaidi,"Zaidi,M.D.,Dr. Syed"
ZORAN,CUPIC,7138278345,cupiczoran,"ZORAN,CUPIC"