"Foster, Corey"	cfoster
"Abraham, Ajay"	Aajay
"CAO, DOCTOR"	doctorcao
"KOSTER, RACHEL M"	rachelkoster
"Spine and Ortho, Vanessa"	vanessa
"Albus, Thomas"	talbus
"Allemand, MD, Peggy"	pallemand
"Allen  Parish, Nursing"	apnurse
"Allen, Marian"	mallen
"Allen, Marian"	marianallen
"AP, Acute Nursing"	APan
"AP, Admissions"	APad
"AP, ER"	APer
"AP, Recovery Nursing"	APrec
"BEYER, MICHAEL"	MBEYER
"Cypress, ER Doc"	erdoc
"Diagnostic, Premier"	premier
"ER RN, Woodlands"	woodlands
"ERDoc, Trinity"	trinity
"FANDRICH, CURTIS"	trinity1
"HNI, Physicians"	hnineuro
"Jackson Parish, Test Physician"	jphtestphy
"JACKSON, LEANN"	JACKSON LEANN
"JAMIL, NADEEM"	JNADEEM
"JAMIL, NADEEM"	NADEEM JAMIL
"JAVANSHIR, HASSAN"	hjavanshir
"Johnson, Brad"	bjohnson
"KAMASZ, FRANK"	KFRANK
"Kapadia, Zehra"	zkapadia
"Khan, Jasmine"	jkhan
"King, Terry"	tking
"KRAUS, GARY"	gkraus
"Kutnikar, Dhaya"	dkutnikar
"LACOUR, AUDREY"	ALACOUR
"LAFLEUR, GLENN"	glafleur
"LANDRITO, EARLJAY"	e.landrito
"Le, Andy"	amcstaff
"LE, PHI-NGA"	phingale
"Ledbetter, John"	JLedbetter
"Ledezma, Jorge"	jledezma
"Lee, Austin"	austinlee
"LEE, EDWARD"	LEEEDWARD
"Lee, Sarah"	sarahlee
"Lemmons, Benjamin"	Lemmons
"Lujan, MD, Celeste"	clujan
"Mackenzie, Andy"	amackenzie
"MALIK, SHAHZAD"	MALIK
"Mallory, Vincent"	vmallory
"Marx, Daryl"	dmarx
"MERCADO, MIGUEL"	mmercado
"MICKAIL, MAMDOUH"	MICKAIL
"Milian, Alexander"	amilian
"Milliman, Lynn"	Lmilliman
"Mills, Bryan"	BM
"Mitchell, MD, Angela"	amitchell
"Mitchell, Tanya"	tmitchell
"Moak, Huey"	hmoak
"Muchmore, MD, James"	jmuchmore
"MULLIN, SHAUN"	smullin
"Nagi, Ravneet"	rnagi
"NECHE, JOANN"	JNECHE
"nelson, gina"	gnelson
"NETHERLAND, CLINTON"	CNETHERLAND
"NGO, JAMIE"	jngo
"Ngo, Lap"	llngo
"NGUYEN, TUE"	NGUYEN TUE
"NOBLE, JACK"	JNOBLE
"O'Brien, John"	jobrien
"Ochoa, Jose"	jochoa
"ODONOVAN, RICHARD"	rodonovan
"Oguejiofor, Kenneth"	koguejiofor
"Okose, Peter"	pokose
"Oragwu, Chukwuemeka"	coragwu
"Owo, Toks"	towo
"Oyefara, Benjamin"	boyefara
"Patino, L."	lpatino
"Peck, Michael"	Mpeck
"Perry, Donald"	doperry
"Peters, Kenneth"	kpeters
"PHYSICIAN, ER"	mgherdoc
"Pitre, Brittany"	bpitre
"POTEET, CHARLES"	cpoteet
"Powell, Christin"	cpowell
"PUIG, LOUIS"	LPUIG
"QAYYUM, TAHIR"	TQAYYUM
"Rahman, Riaz"	rriaz
"Ramanathan, Rohit"	rohitram
"Ramanathan, Subramaniam"	sramanathan
"Red Oak MD, Red Oak MD"	redoakmd
"Reis, Ololade"	oreis
"Riverland Correct Care, ER doctors"	ccare
"RODGERS, JULIA"	JRODGERS
"Ross, James"	jross
"SALAS, AMBER"	AMBERSALAS
"SAMPOGNARO, GREGORY"	GREGSAMP
"SAMPOGNARO, MICHEAL"	MICHSAMPOGNARO
"SANDERS, CURTIS"	CSANDERS
"SANDERS, LISA"	LISASANDERS
"Savant, Theresa"	tsavant
"SEHAT, CHRISTOPHER"	"SEHAT, CHRISTOPHER"
"SHAW, CHARLOTTE"	CSHAW
"SHERROD III, ROME"	SHERROD
"Siddiqui, Saqib"	ssiddiqui
"SINGLETON, REID"	RSINGLETON
"Sleeper, Joshua"	jsleeper
"SLUSHER, WILLIAM"	slusherwilliam
"Smart, Lisa"	Lsmart
"Smith, James"	jmsmith
"SMITH, SLADE"	SLSMITH
"Smith, Steven"	ssmith
"SOSI, Physicians"	sosi
"SOURIAL MD, SOURIAL"	SSOURIAL
"STAEWEN, SCOTT"	SSTAEWEN
"STARR, YOLANDA"	ystar
"Tan, Eulugio"	etan
"Taube, Justina"	jtaube
"Tellez-Flores, Israel"	itellezflores
"Texas Family Physicians Staff, Bong Mui"	tftp
"Tillery, Bertrand"	btillery
"Tillman, Barry"	btillman
"Tillman, Randy"	rtillman
"Tong, Kai"	"Tong,k"
"TRAN, DUYEN"	TDUYEN
"Tsao, Calvin"	c.tsao
"TUGWELL, TERENCE"	TERENCETUGWELL
"TUGWELL, TERRY"	TERRYTUGWELL
"WALL, WILLIAM"	WWALL
"WEBB, WYATT"	GWEBB
"WEINBERGER, BARRY"	BARRYWEINBERGER
"White, John"	jwhite
"WHITE, MARKETA"	MWHITE
"WHITE, THOMAS"	"WHITE, THOMAS"
"williams, Scott"	smwilliams
"YARBROUGH, DAVID"	DAVIDYARBROUGH
"ZACCA, LARA"	ZALARA
"Zeller, Stacy"	szeller
"WHITTAKER, LOVEROUS"	LWHITTAKER
"King, Lauren"	lking
"DO, ANH"	ado
"GANJI, JYOTI"	jganji
"Huang, Eddie"	ehuang
"Immanuel, Stella"	simmanuel
"Iranmanesh, Hamidreza"	hiranmanesh
"JUNTUNEN, ERIC"	ejuntunen
"MATHERS, TERRENCE"	tmathers
"Mui, Bong"	bmui
"Nguyen, Thuy-Van"	tvnguyen
"PARKER, LAWRENCE"	LPARKER
"Patel, MD, Jayendra"	jpatel
"Ratcliff, Zachary"	zratcliff
"TALAC, ROBERT"	rtalac
"UCHENDU, CHUKWUDI"	cuchendu
"Vu, Loc"	lvu
"Zamirpour, Payman"	pzamirpour
"Hoang, Peter"	peterhoang
"Le, Laura"	lle
"Doctor, CEH"	CEH Doctor
"LE, LAURA"	laurale
"User, KUC"	kuc
"Abraham, Jacob"	jabraham
"Abraham, Ralph"	leeabraham
"Arjona, Jose"	jarjona
"Bauer, Amanda"	abauer
"Britt, John"	jbritt
"Brown, Jenna"	jbrown
"Burton, Dennis"	dburton
"DiLeo, Steven"	sdileo
"Ferraro, Francis"	fferraro
"Firouztale, Pejman"	pfirouztale
"Goyal, Maheep"	mgoyal
"Greenfield, Antje"	agreenfield
"Hatti, Vikram"	vhatti
"Kim, Jon"	jonkim
"Mallampati, Gautham"	gmallampati
"McDonald, Brent"	bmcdonald
"NGUYEN, CHAU"	cnguyen
"nrs, test"	nrstest
"OLoughlin, Terence"	toloughlin
"Pretorius, Eugene"	epretorius
"rad, nrs"	nrsrad
"RADIOLOGIC, VIRTUAL"	virtual
"Ramsey, Brad"	bramsey
"Richardson, Tech"	richtech
"Rittelmeyer, James"	jrittelmeyer
"Shah, Dishant"	sdishant
"Simpson, Nicole"	nsimpson
"Sulzer, Jana"	jsulzer
"Telerad, Physician"	telerad
"TRG, Send"	TRGSend
"Uddin MD, Qazi Farhan"	quddin
"Mocharla, Raman"	rmocharla
"ABDALLA, MONA"	"ABDALLA, MONA"
"Abdehou, David"	DAbdehou
"Abdelghani, Wael"	wabdelghani
"ABDELMOULA, MOHAMED"	mohamedabdelmoula
"Abraham, Ralph"	Rabraham
"Abrol, Rajeshwar"	rajeshwarabrol
"ABUSHARR, RAJA"	rabusharr
"ACEVES, JOSE"	"ACEVES, JOSE"
"Achi, Chary"	cachi
"Achi, Joythi"	jachi
"ADAIR, MICHAEL"	"ADAIR, MICHAEL"
"ADAMS, BRANDON"	"ADAMS, BRANDON"
"Adams, Bruce"	Bruce.Adams
"ADAMS, CLYDELL"	"ADAMS, CLYDELL"
"ADAMS, CURTIS"	"ADAMS, CURTIS"
"ADEKANMBI, SIMBIAT"	s.adekanmbi
"ADEKUNTE, ADEWOLE"	adewoleadekunte
"ADEPITAN, OLAYINKA"	"ADEPITAN, OLAYINKA"
"ADESOBA, SAMUEL"	SAdesoba
"ADEWOLE, ADEKUNLE"	aadewole
"ADEYINKA, KUNLE"	KADEYINKA
"Adu-Gyamfi, Kwame"	KAdu
"Adu-Lartey, Maxwell"	mlarty
"ADU-LARTEY, SAMUEL M"	samueladu-lartey
"AFKAMI, NARGES"	NAFKAMI
"AGADI, SATISH"	sagadi
"Agendia, Jude"	jagendia
"Aggarwal, Ajay"	aaggarwal
"AGHA, TASNEEM"	tagha
"AGU, JOHNSON"	jagu
"AGUILAR, CARLOS"	CAGUILAR
"AGUILAR, EUGINO"	aguilare
"Agusala, Pratap"	pagusala
"Agusala, Ravinder"	ragusala
"AGUSTINE, MARY"	"AGUSTINE, MARY"
"AGUYARKO, AFUA"	afuaaguyarko
"Aheron, Jessica A."	jessicaaheron
"Ahlschier, Allan"	aahlschier
"AHMAD, NABIL"	nmahmad
"AHMED, FAIZ"	fahmed
"Ahmed, Syed"	sahmed
"Ahmed, Syed"	snahmed
"Ahmed, Yousuf"	yousufahmed
"AJIM, ALICE"	aajim
"Ajim, Ayo"	aayo
"Akhlaghi, Ali"	aakhlaghi
"AL, SHAMY"	shamyal
"ALABI, PATIENCE"	palabi
"ALAMILLA, CHRISTOPHER"	"ALAMILLA, CHRISTOPHER"
"ALAMILLA, FRANK"	"ALAMILLA, FRANK"
"ALANA, KELLY"	"ALANA, KELLY"
"ALAYNA, PAGNANI-GENDRON"	agendron
"Albritton, Corey"	"Albritton,C"
"ALCARAZ, ERIC"	ealcaraz
"ALDERSON, JOHN"	johnalderson
"Aldridge, Melvin"	Melvin.Aldridge
"ALDRIDGE, ROBERT"	"ALDRIDGE, ROBERT"
"ALEGUN, SHEENA"	sheenaalegun
"ALEXANDER, BRITT"	BALEXANDER
"ALEXANDER, RICHARD"	"ALEXANDER, RICHARD"
"Alexander, Sunitha"	sunithaalexander
"AL-FAHL, TAREK"	tal-fahl
"Ali, Amir"	aali
"ALI, SHAIKH"	sali
"ALI, SHANAZ"	SHANAZALI
"Alipui, Celestine"	calipui
"Alkhadour, Hussamaddin"	halkhadour
"Al-Khadour, Hussamaddin K"	hussamaddinal-khadour
"ALLEN, ANTHONY"	"ALLEN, ANTHONY"
"Allen, Danielle"	danielleallen
"Allen, Diedra"	dallen
"ALLEN, FORREST"	"ALLEN, FORREST"
"ALLEN, RORY LAMAR"	"ALLEN, RORY LAMAR"
"ALLGOOD, JIMMY"	JALLGOOD
"ALLISON, ANA"	aallison
"Allison, Rocio"	arocio
"Allmon, Brent"	brentallmon
"ALO, KENNETH"	AKENNETH
"Al-Sabbagh, Mouhamad"	malsabbagh
"Alvernia, Jorge"	jalvernia
"ALVEY, DALLAS"	ALVEY
"ALY, SARFRAZ"	saly
"AMADOR, REYNALDO"	ramador
"AMANULLAH, KHAN"	KAMANULLAH
"Amedee, Reid"	reidamedee
"Amell, Juan"	Jamell
"AMERI, HAMID"	hameri
"Amilcar, Avendano"	aamilcar
"AMINZADEH, FARID"	FAMINZADEH
"AMINZADEH, FERAIDOON"	AFERAIDOON
"Amos, Joseph"	jamos
"ANAMELE, NKEEKAM"	nanamele
"ANCAR, KRISTIN"	KANCAR
"anderson, DANIER"	daan4175
"Anderson, Jessica"	jessicaanderson
"ANDERSON, MICHAEL"	"ANDERSON, MICHAEL"
"ANDERSON, MONTE"	"ANDERSON, MONTE"
"ANDERSON, PAUL"	PANDERSON
"ANDERSON, PORCHA"	"ANDERSON, PORCHA"
"ANDERSON, STEVEN"	"ANDERSON, STEVEN"
"Andrew, Jea"	JANDREW
"anello, d'ambra"	danelloo
"ANJALI, JAIN"	janjali
"Annamalai, Rajasekaran"	rannamalai
"ANSARI, FALQHA"	fansari
"ANSARI, RAMIN"	"ANSARI, RAMIN"
"ANSARI, SABA"	sansari
"Antonio, Nirmal"	nantonio
"Anugwom, Chinasa Paul"	chinasaanugwom
"ANVUAT, KEVIN"	kanvuat
"APOLO, ANDREA"	AANDREA
"ARAM, VENKET"	varam
"ARANDA, ALISSA"	"ARANDA, ALISSA"
"ARCHIE, MICHAEL"	MARCHIE
"Ariyaratna, Savithri"	sariyaratna
"ARKUS, ROBERT"	rarkus
"ARMITAGE, JOHN"	"ARMITAGE, JOHN"
"ARMSTRONG, JARRETT"	jarmstrong
"ARMSTRONG, JASON"	jasonarmstrong
"ARMSTRONG, RALPH"	RALPHARMSTRONG
"Armstrong, Richard"	rarmstrong
"Arnold, Steven"	sarnold
"AROESER, DOCTOR"	doctoraroeser
"ARORA, PUNEET"	"ARORA, PUNEET"
"Arshad, Syed"	sarshad
"Arthur, Jeff"	jarthur
"ARTINIAN, THOMAS"	tartinian
"ARVIND, PAI"	parvind
"Ashford, Jason S."	jasonashford
"ASHTIANI, SHABNAM"	SASHTIANI
"Asi, Wael"	WASI
"Asif, Javaria"	javariaasif
"Aslam, Adnan"	aaslam
"ASSIRI, JAFARN"	jassiri
"ATALLAH, GEORGE"	gatallah
"ATKINS, PAULA"	patkins
"AUFMUF, DEBORA"	daufmuf
"AUSMUS, DEBORAH"	dausmus
"Austin, Anderson"	aaustin
"AUTRY, JILL"	jillautry
"Avery, DO, Richard"	ravery
"AVES, TEODULO"	teaves
"Aves, Teody"	taves
"AVILA, PEO C"	peoavila
"AWA, CHINYERE"	cawa
"Awobokun, Oluyemisi"	oawobokun
"AWWAD, NADER"	"AWWAD, NADER"
"Ayar, MD, Divyang"	dayar
"Ayers, Stephen"	sayers
"Ayoub, Sura Y"	sayoub
"AZHDARINIA, PARVIN"	pazhdarinia
"AZUOGU, KELECHI"	kazuogu
"AZZAM, MOHAMAD"	mazzam
"Bacon, Stacy"	sbacon
"BADLANI, NEIL"	neilbadlani
"BADU, YAW"	ybadu
"BADU, YAW"	YFBADU
"BAEK, RYAN SANGJUN"	"BAEK, RYAN SANGJUN"
"BAHADORI, ATOUSA"	"BAHADORI, ATOUSA"
"BAHARANCHI, ASGHAR"	"BAHARANCHI, ASGHAR"
"Bahrani, Husam"	hbahrani
"BAIG, FAIZA"	fbaig
"Baig, Mirza"	mbaig
"BAILEY, BILLIE"	bbailey
"BAILEY, DON"	DBAILEY
"BAILEY, RYAN"	"BAILEY, RYAN"
"BAILEY, SID"	SBAILEY
"BAILLARGEON, COLIN"	CBAILLARGEON
"BAIN, DJORN"	"BAIN, DJORN"
"Baker, James"	jamesbaker
"BAKHOUM, RAYMOND"	rbakhoum
"Bal, Hardeep (Debbie)"	hardeepbal
"BALA, GEORGE"	gbala
"BALAKRISHAN, K"	kbalakrishnan
"BALCH, ROBERT III"	"BALCH, ROBERT III"
"Ball, James"	jball
"BALOGUN, RAZAK"	razakbalogun
"BALTZ, RICHARD"	RBALTZ
"BANDA, JOHN"	jbanda
"BANDA, MAGDALENO"	mbanda
"BANDHAKAVI, SUBHADRA"	SBANDHAKAVI
"BANG, CHU"	cbang
"Banger-Hill, Shameka"	sbanger-hill
"BANK, MICHAEL"	"BANK, MICHAEL"
"Banker, Parenda"	pbanker
"BANKS, CHASE"	chasebanks
"BANSAL, MOHIT"	mbansal
"Bansal, Shanti"	s.bansal
"Bansal, Vivek"	vbansal
"Baquet, Tara"	tbaquet
"BARBER, CHAD"	CBARBER
"BARHORST, MARK"	mbarhorst
"BARLOW, DONNAH"	dbarlow
"BARNES, GERALD"	GBARNES
"BARNETT, BARBARA"	bbarnett
"BARNETT, JACK"	jbarnett
"Barnett, Thomas"	TBARNETT
"BARNWELL, LYNDON"	LBARNWELL
"BARR, JAMES"	JBARR
"BARRETO, ANDREW"	ABARRETO
"BARRIENTOS, RYAN"	RBARRIENTOS
"BARRON, SCOTT"	SBARRON
"BARROW, EMILE"	EBARROW
"BARRY, GENE"	gbarry
"BARRY, LISA"	"BARRY, LISA"
"Bars, Jim"	jbars
"BARTLETT, RICK"	"BARTLETT, RICK"
"BARTON, ROBERT"	rbarton
"Basava, Veena"	bveena
"Bashir, Adeeba"	abashir
"Bashir, Rubin"	rbashir
"BASI, A"	abasi
"BASILICO, LEOPOLDO"	"BASILICO, LEOPOLDO"
"Bass, Barry"	bbass
"Bass, Robert"	rbass
"BASS, RYAN"	"BASS, RYAN"
"BATHAEIAN, AMIR"	DR AMIR BATHAEIAN
"Bathurst, Chris"	cbathurst
"Batista, Paola C."	paolabatista
"BATTERTON, PAULA"	pbatterton
"Baumgarner, Rebekah"	rbaumgarner
"BAUMGARTNER, EDWARD W"	edwardbaumgartner
"BAXTER, DONALD"	"BAXTER, DONALD"
"Baxter, Sean"	sbaxter
"BAY, STEVEN"	sbay
"BEARD, RHONDA"	RBEARD
"BEAUVAIS, JANIE"	JBeauvais
"BECK, MOHAMED"	mbeck
"Becks, Rennata"	rbecks
"Behjat, Syed"	bsyed
"BEHNKE, ZACH"	zachbehnke
"BEIGHT, NATALIE"	"BEIGHT, NATALIE"
"BELL, CHAD"	"BELL, CHAD"
"Bell, Robert"	Robert.Bell
"Belsha, Jerissa P."	jerissabelsha
"BELSOM, WILLIAM"	WBELSOM
"BELTRAN, DANIEL"	"BELTRAN, DANIEL"
"BENHAMOU, ELIAS"	EBENAHAMOU
"BENJAMIN, HAYDEN"	BHAYDEN
"BENNER, KAREN"	"BENNER, KAREN"
"BENNETT, BOBBIE"	BBENNETT
"Bennett, Crystal"	cbennett
"BENNETT, DONTA"	"BENNETT, DONTA"
"BENNETT, JENNIFER"	jbennett
"BENNETT, MICHAEL"	mbennett
"BENSON, ZACH"	zbenson
"BERGERON, DENIS"	DBERGERON
"BERGESON, KEITH"	kbergeson
"Berios, Angelis"	aberios
"BERKMAN, ERIC"	EBERKMAN
"BERLINER, KENNETH"	KBERLINER
"BERNAL, REYNA"	rbernal
"BERNAUER, ROBERT"	rbernauer
"Berry, Jennifer"	jberry
"BERRY, JOHN"	JBBERRY
"Berry, Shannon"	Sberry
"BERTRAND, H WAYNE"	hbertrand
"Berwind, Robert"	rberwind
"Bethea, Louise H."	louisebethea
"BEWKETU, BRUT"	"BEWKETU, BRUT"
"BEYER, DANNY"	DBEYER
"BHAIRAVARASY, DOCTOR"	doctorbhairavarasy
"BHAKTA, AMISH M"	amishbhakta
"BHALLA, KARAN"	KBHALLA
"BHANDARI, RAJ"	bhandari
"Bhat, Kris"	kbhat
"BHAT, SHUBHA"	SBHAT
"BHATIA, AANCHAL"	"BHATIA, AANCHAL"
"Bhondi, A"	bhondi
"Biddle, Johnny"	Jbiddle
"BIDGOLI, ARASH"	abidgoli
"BIGLER, PETER"	p.bigler
"Bikinna, Ravi"	rbikinna
"Billal, Shazia"	sbillal
"Bindal, AJ"	abindal
"BISCHOFF, SCOTT"	sbischoff
"Bishai, Emad"	ebishai
"BISHAI, EMAD MIKHAIL"	emadbishai
"BISIRIYU, OLUTOSIN"	"OBISIRIYU, OLUTOSIN DR."
"BITTICK, JONATHAN"	"BITTICK, JONATHAN"
"BLACK, BRANDON"	"BLACK, BRANDON"
"BLACKWELL, CHAD"	CBLACKWELL
"Blackwell, Michael"	mblackwell
"BLAIR, CHRISTOPHER"	CBLAIR
"Blanchard, Roger"	RBlanchard
"Blas, Lorenzo"	lblas
"Blaylock, Heather D."	heatherblaylock
"Blessing, Adrienne"	adrienneblessing
"BLEVINS, KELLY"	kblevins
"BLOOMGARDEN, GARY"	"BLOOMGARDEN, GARY"
"BOEKE, BRETT"	"BOEKE, BRETT"
"Bolz, Scott"	sbolz
"BOND, NELSON"	BONDN
"BOND, NELSON K"	NKBOND
"BONDS, LAURA"	laurabonds
"BONILLA, MARIA"	MBONILLA
"Bonnes--Neumann, Marlaina G."	marlainabonnes--neumann
"Bonnette, Lauren"	"Bonnette,L"
"BONOLA, MICHA"	"BONOLA, MICHA"
"Bonomo, Carrie"	cbonomo
"BOONE, H"	HBoone
"BOOTHE, ELIJAH CATAHOULA"	elijahboothe
"BORAZJANIAN, GHODIATT"	gborazjanian
"Borhurst, Mark"	mborhurst
"BORNE, ALICIA"	ABORNE
"BORTOLOTTI, JULIE"	JBORTOLOTTI
"BORUM, JENNIFER"	jenniferborum
"BOSITA, RENATO"	"BOSITA, RENATO"
"Boss, Christopher"	cboss
"BOUCHER, SHANE"	SBOUCHER
"BOUYARDEN MD, MICHAEL"	MBOUYARDEN
"BOWLVA, LEE"	lbowlva
"Boyd, Alfred"	alfredboyd
"BOYKIN, MICHAEL"	MBOYKIN
"BOYTE, JAMES"	jboyte
"Bracchini, Yelena"	yebracchini
"BRAFF, ZACHARY"	ZBRAFF
"BRALY, W.GRANT"	GBRALY
"BRANCH, BILLY"	BBRANCH
"BRANCH, JAMIE"	jbranch
"BRANDO, DOCTOR"	doctorbrando
"BRASWELL, RENA"	RBRASWELL
"Braunreiter, David"	davidbraunreiter
"Bravo, Arturo A."	arturobravo
"BRAWNER, MARLO"	MBRAWNER
"BRAZEAL, JUSTIN R"	justinbrazeal
"BREEDING, PAUL"	pbreeding
"BRETT, DOWNEY"	dbrett
"BRION, VOLTAIRE"	vbrion
"Brionez, Tamar"	tamarbrionez
"Briscoe, Michael"	michaelbriscoe
"BROCK, JOEL"	"BROCK, JOEL"
"BROCK, MERRITT"	merrittbrock
"BROCK, SONYA"	sonyabrock
"Brooks, George"	gbrooks
"BROOKS, JACEL"	jacelbrooks
"BROWN, DARLA"	dbrown
"Brown, Deborah"	debbrown
"Brown, Douglas"	DoBrown
"BROWN, DOUGLAS"	DOUGLASBROWN
"BROWN, JAMES"	"BROWN, JAMES"
"BROWN, KELLY"	BKELLY
"BROWN, KOURTNI"	khbrown
"BROWN, LEWIS"	LBROWN
"BROWN, MARK"	mbrown
"BROWN, REBECCA"	"BROWN, REBECCA"
"BROWN, STEPHEN"	STEPHENBROWN
"Brown, Wade"	"Dr. Brown, Wade"
"Brown, William"	williambrown
"BROWN-MANNING, CYNTHIA"	CBROWNMANNING
"Broxton, Kyrel"	kbroxton
"BROZEK, VAUGHN"	"BROZEK, VAUGHN"
"BRUGGEMAN, ADAM"	"BRUGGEMAN, ADAM"
"Brunson, Courtney"	courtney.brunson
"Brunson, Kimberly"	kbrunson
"BRUSNIGHAN, TANNER"	TBRUSNIGHAN
"BRUYNINCKX, KYLE"	kbruy
"BRYAN, DAVID"	DAVIDBRYAN
"BRYANT, BROOKE"	"BRYANT, BROOKE"
"BRYANT, MICHAEL"	"BRYANT, MICHAEL"
"BRYANT, PAULA"	paulabryant
"BRYANT, RENITA"	rbryant
"BUCZEK, RONALD"	rbuczek
"BUDOFF, JEFFREY"	JBUDOFF
"Buechler, Robert"	robertbuechler
"BUESO, FERNANDO"	FBUESO
"BUGARIN, JUAN"	"BUGARIN, JUAN"
"Bugenhagen, Veronica"	vbugenhagen
"BUI, DUY"	dbui
"Bui, Louis"	Louis Bui
"Bui, Louis"	LouisB
"BUI, LOUIS"	lbui
"BUI, QUINN"	qbui
"BUI, TUYEN"	BTUYEN
"BULLARD, JEFFREY"	"BULLARD, JEFFREY"
"BUNCH, LINDA"	LBUNCH
"BUNN, KEVIN"	KEVINBUNN
"BUNTING, GREG"	GBUNTING
"BUQUING, JOEY"	JBUQUING
"BURDETT, RANDALL"	rburdett
"BURGESSER, MARY"	"BURGESSER, MARY"
"Burke, DC, Shannon"	shburkedc
"BURKE, ROBERT"	ROBERTBURKE
"BURKE, ROSALIA"	rburke
"Burkhardt, Debbie"	dburkhardt
"BURKHARDT, JOSEPH"	JBURCKHARDT
"BURKHART-WEBB, ALLISON"	"BURKHART-WEBB, ALLISON"
"BURKS, KASEY G"	kaseyburks
"Burleigh, Larry"	lburleigh
"Burnett, Misty"	mburnett
"BURNHAM, CHRISTALYN"	"BURNHAM, CHRISTALYN"
"BURNS, JOHN"	JBURNS
"BUSSELBERG, LORIN"	LBUSSELBERG
"BUTTS, TURNER C"	tbutts
"BYERS, CHRISTOPHER"	"BYERS, CHRISTOPHER"
"BYNUM, DAVID"	"BYNUM, DAVID"
"BYRD, JENNIFER"	JBYRD
"BYRD, MICHAEL"	mbyrd
"CABALLERO, JOSE"	"CABALLERO, JOSE"
"CACOZZA, JOSEPH"	"CACOZZA, JOSEPH"
"CADOREE PA-C, IVY"	icadoree
"CAIN, JAMES"	JSCAIN
"CAIN, JIM"	JCAIN
"CAIN, MARSHALL"	marshallcain
"CAIRE, MICHAEL"	MCAIRE
"Caldwell, Jody"	jcaldwell
"CALHOUN, BRIAN"	BCALHOUN
"Califano, John"	JCALIFANO
"CALLARMAN, SONJA"	CALLARMAN SONJA
"CALLENS, DON"	dcallens
"Calvo, David"	dcalvo
"CAMPA, SAMANTHA HINDS"	samanthacampa
"Campbell, Faunda"	fcampbell
"CAMPBELL, HARRISON"	CAMPBELLHARRISON
"Canals, Ricardo"	rcanals
"CANN, MICHAEL"	MCANN
"Cannon, Carl"	ccannon
"CANO, FERNANDO"	"CANO, FERNANDO"
"CANTRELLE, NICHOLAS"	"CANTRELLE, NICHOLAS"
"CANTU, CELIA"	celiacantu
"Cantu, Roberto"	RCANTU
"CAO, JESSIE"	JCAO
"CAO, KHOA"	KCAO
"CARDONA, TAREN"	TCARDONA
"CARLISLE, KEVIN"	kcarlisle
"CARLL, KENDALL"	DR KENDALL CARLL
"CARMICHAEL, JUSTIN"	"CARMICHAEL, JUSTIN"
"CARPENTER, CAROLINE"	carolinecarpenter
"Carpenter, David"	dcarpenter
"CARRELL, STEVEN"	SCARRELL
"CARSON, JAMES"	jamescarson
"CARTER, CAROLINE"	CCARTER
"CARTER, MATTHEW"	MCARTER
"CARVAJAL, MIGUEL"	mcarvajal
"Casagrande, M"	mcasagrande
"Case, Robert"	rcase
"CASEBOLT, MARY"	marycasebolt
"Cashion, Jarrod"	jcashion
"CASKEY, DAVID"	DCASKEY
"CASTILLO, EDWARD"	ecastillo
"CASTILLO, GREGG"	gcastillo
"CASTILLO, MAX"	DR MAX CASTILLO
"CASTON, CN"	cncaston
"Caston, Latonya"	lcaston
"CASTRO, MICHAEL"	"CASTRO, MICHAEL"
"CATE, MELINDA"	"CATE, MELINDA"
"CAVANAUGH, DAVID"	DCAVANAUGH
"CAZARES, RICK"	"CAZARES, RICK"
"CECH, DAVID"	dcech
"CERVENKA, DAVID"	dcervnka
"CESAK, BRIAN"	BCESAK
"Chacko, Leena"	lchacko
"CHAD, OISTAD"	C Oistad
"CHAHIL, MANDEEP SINGH"	"CHAHIL, MANDEEP SINGH"
"CHAMPAGNE, HEATHER"	DR HEATHER CHAMPAGNE
"CHAN, PACHI"	CPACHIE
"CHAN, ROBERT"	RCHAN
"CHANASENAN, SACHIN"	sachinchanasenan
"Chandrabose, Mimi"	mchandrabose
"Chandrasenan, Sachin"	schandrasenan
"CHANG, EDUARE"	eduarechang
"Chang, Marvin"	MAChang
"CHANG, MICHAEL Y."	michaelchang
"Chang, Micheal"	mchang
"Chapman, Chris"	cchapman
"CHAPMAN, CHRISTOPHER C."	christopherchapman
"CHAPMAN, NATIVIDA"	n.chapman
"Chappel-Naquin, Amy"	achappel
"Charles, Kevin"	Kcharles
"CHARRON, MARIA"	mcharron
"Chary, Achi"	achary
"Chase, Karen"	Kchase
"Chasion, Jarrod"	jchasion
"CHATFIELD, RICHARD"	DR RICHARD CHATFIELD
"CHATHA, AVAIS"	ACHATHA
"CHATMAN, JACK"	jchatman
"CHAU, ARTHUR"	achau
"CHAUDHRY, ASIF"	achaudhry
"CHAUDHRY, ZESHAN"	"CHAUDHRY, ZESHAN"
"CHAUDRY, IMRAN"	ichaudry
"Chava, Ramakrishna"	rchava
"Chavada, Jay"	jchavada
"Chavda, Deepak"	dchavda
"CHAVDA, JAY"	JCHAVDA
"Chavez, Roxanne"	"Chavez, Roxanne"
"Chavez, Victor"	Victor.Chavez
"Chelu, Mihail"	mchelu
"CHEN, JIE"	JCHEN
"Chen, Peng"	pchen
"Chen, Yongfang"	Cyongfang
"Chenault, David"	dchenault
"CHENG, PAUL"	PAULCHENG
"Cheng-Ti, Judy"	JCheng-Ti
"CHERIAN, VENEETHA"	vcherian
"CHERLO, SREENIVASULU"	SCHERLO
"Chillal, Pandarang"	pchillal
"CHIMENTI, BRIAN"	bchimenti
"CHIMENTI, BRIAN T"	brianchimenti
"CHIMENTI, JEFFREY"	J.Chimenti
"CHIN, ASHLEY"	ashleychin
"Chin, Paul"	ChinPaul
"CHIN, SEE L."	seechin
"CHIRIBOSA, DAVID"	dchiribosa
"CHOI, KENNETH"	"CHOI, KENNETH MD"
"Chon, Steven"	schon
"CHOUDHRI, MOBEEN"	mchoudhri
"CHOWDHURY, SUMITA"	schowdhury
"Chu, Allen"	achu
"CHU, LEI"	lechu
"CHU, LOIS"	LCHU
"Chu, Peter"	pchu
"CHUKHMAN, ZINOVY"	"CHUKHMAN, ZINOVY"
"Chumak, Bo"	bchumak
"CHUN, CHRISTOPHER"	"CHUN, CHRISTOPHER MD"
"CHUN, STEPHEN"	schun
"CHUNG, AMY"	amychung
"CHUNG, MANH"	mchung
"CIAGLIA, MARK A."	markciaglia
"CIANELLI, NICK"	"CIANELLI, NICK"
"CITRO-PA, HEATHER"	heathercitro-pa
"Clark, Rebecca"	rclark
"Clarke, Carlton"	cclarke
"CLARKE, LAWRENCE"	LCLARKE
"CLARKE, SHEREFFE"	"CLARKE, SHEREFFE"
"CLASSEN, ASHLEY"	"CLASSEN, ASHLEY"
"CLAUSE, CHAD"	cclause
"Clause, Santa"	sclause
"CLAWSON, CHAD"	DR CHAD CLAWSON
"CLAWSON, RONALD"	DR RONALD CLAWSON
"CLAYTON, JAMON"	"CLAYTON, JAMON"
"CLEARFIELD, DANIEL"	"CLEARFIELD, DANIEL"
"CLEGG, THOMAS"	"Clegg, Thomas"
"CLEMENTE, ESTEBAN"	"CLEMENTE, ESTEBAN"
"CLEMENTS, DAVID"	dclements
"CLINTON, JOE"	JCLINTON
"CLINTON, RAY"	CLINTONR
"CLOUTHIER, STEPHEN"	stephenclouthier
"CLYDE, J. DAVID"	dclyde
"COATE, JOHN"	SJCOATS
"COATS, JESSE"	JESSECOATS
"COATS, JOHN"	JCOATS
"COBB, RICHARD"	"COBB, RICHARD"
"COBB, TANYA"	TANYACOBB
"COBIAN-SILVER, ANA"	"COBIAN-SILVER, ANA"
"COCHRAN, SUSAN"	scochran
"Cockrill, Tonya"	tcockrill
"COE, SANFORD"	"COE, SANFORD"
"COFFMAN, LESLIE"	LESLIECOFFMAN
"COHEN, STEPHANIE"	SCOHEN
"Cole, Craig"	CCole
"Cole, Jennetta"	Jennetta.Cole
"Colgin, William"	wcolgin
"Colvin, Thomas"	TColvin
"Coney, William"	wconey
"Congtang, Leno"	LCongtang
"CONKLIN, PHILIP"	pconklin
"CONNELL, JOHN"	jconnell
"Cook, Elizabeth"	Elizabeth.Cook
"COOK, PHILIP"	"COOK, PHILIP"
"Coolbaugh, Robert"	Robert.Coolbaugh
"Coon-Nguyen, Elizabeth"	ecoonnguyen
"COOPER, MICHAEL"	mcooper
"Copeland, Lynn"	lcopeland
"COPES, CAITLIN"	ccopes
"CORNELL, ROBERT"	rcornell
"CORNETT, ARTHOR"	acornett
"Cortez, Lisa"	lcortez
"Cos, David"	dcos
"COS, DAVID S."	davidcos
"COSCUILA, PEDRO"	pcoscuiluela
"COSTNER, CARLEY"	"COSTNER, CARLEY"
"Coughran, Jimmy"	jcoughran
"COUNCIL, DOUGLAS"	Dcouncil
"COUNTS, JEFFREY"	jeffreycounts
"Courson, Donna"	Dcourson
"Courville, Alex"	acourville
"Courville, MD, Matthew"	mcourville
"COX JR., CARTER"	CCOX
"Cox-Koetter, Debra"	dcox
"Crace, Phillip"	pcrace
"CRANDALL, DON"	"CRANDALL, DON"
"CRAWFORD, JACOB"	jacobcrawford
"CROCKETT, HOWARD"	hlcrockett
"Crouch, Rebecca"	rcrouch
"CRUMBIE, DAVID"	dcrumbie
"CRUMBIE, MD, DAVID"	CRUMBIE2
"CUADRA, FERNANDO"	fcuadra
"CUADROS, MARIA"	mariacuadros
"CUBBAGE, MATTHEW"	mcubbage
"Cuervo, Carlos"	ccuervo
"Cullinae, Kathleen"	kcullinae
"CUMMINGS, CORNELL"	"CUMMINGS, CORNELL"
"CUMMINGS, ELISEO"	elicummings
"CUNNINGHAM, MICHELLE"	michellecunningham
"CUPIC, ZORAN"	zcupic
"CURRY, STACEY"	staceycurry
"Custer, Todd"	tcuster
"CUZA, FRANCISCO"	FCUZA
"CUZA, JORGE"	JCUZA
"DAGLEY, ANGELA"	adagley
"Dale, Robin"	rdale
"Dalley, Ethan"	Ethan.Dalley
"DAMBRA, ANELLO"	adambra
"D'ANDREA, MARK"	mdandrea
"Dang, Dien"	diendang
"Dang, Dzung"	ddang
"Dang, Hai"	hdang
"DANG, HAN"	HANDANG
"DANG, KHANH"	KDANG
"DANG, MATT"	mdang
"Dang, Mimi"	mimidang
"Dang, Sam"	sdang
"DANG, TUNG"	TDANG
"Daniel, Valerie"	vdaniel
"DANIELS, MATHIAS"	"DANIELS, MATHIAS"
"DANNA, JOSEPH"	jdanna
"DANNA, LAWRENCE"	lawrencedanna
"DANNA, MARION"	mdanna
"DANNUG, DOCTOR"	doctordannug
"DAO, DANIEL"	ddao
"DAO, LY"	lydao
"DAR, URFAN"	udar
"DARMADI, DANIEL"	DDARMADI
"DASILVA, ROBERT"	"DASILVA, ROBERT"
"DAUBER, KENNETH"	"DAUBER, KENNETH"
"Daudjee, Munib"	mdaudjee
"DAVE, MAHASH"	mahashdave
"DAVE, NIMISH R"	nimishdave
"Davenport, Michael"	Michael Davenport
"DAVID, DAMIAN"	DDavid
"DAVIDSON, PHIL"	"DAVIDSON, PHIL DR."
"DAVIS, ANDY JOHN"	andydavis
"DAVIS, CIARA"	CIARADAVIS
"Davis, Glenn"	gdavis
"Davis, Glenn"	davisg
"DAVIS, HEATHER"	HDAVIS
"DAVIS, II"	iidavis
"DAVIS, JOEL"	"DAVIS, JOEL"
"Davis, John"	John.Davis
"DAVIS, KIVA"	KIVADAVIS
"DAVIS, KRISTEN"	kdavis
"DAVIS, MICHAEL"	"DAVIS, MICHAEL"
"DAVIS, RITA"	rdavis
"DAVIS, SAKINA"	sakinadavis
"DAVIS, TIM"	"DAVIS, TIM"
"DAYIAN, ARA"	DR ARA DAYIAN
"De la Cruz, Emmanuel"	edelacruz
"DE LA TORRE, ESTHER"	edelatorre
"DE LAFLOR-WEISS, RAFAEL"	RDELAFOR-WEISS
"Deahl, Tim"	tdeahl
"DEBENDER, JOHN"	jdebender
"Decker, Paul"	pdecker
"DECKER, PAUL W."	pauldecker
"DEES, LARRY"	LDEES
"DELACHE, W.A."	wdelache
"DELACOTERA, RODRIGO"	rdelacotera
"DE-LA-FLOR-WEISS, RAFAEL"	rafaelde-la-flor-weiss
"DELANEY, TRACIE"	traciedelaney
"Delcambre, Michael-Ann"	MaDelcambre
"DeLeon, George"	gdeleon
"Deleon, Nicerio ""Rio"""	ndeleon
"DeLeon, Rio"	rdeleon
"DELGADO, ALAN"	adelgado
"Deloach, George"	gdeloach
"Deloache, Rhonda"	rdeloache
"DELOUCHE, WILLIAM"	wdelouche
"DEMARQUE, CHARLES"	"DEMARQUE, CHARLES"
"Denyer, Garth"	gdenyer
"Deramus, Tony"	tderamus
"Deramus, Tony"	tedramus
"DESAI, ASHESH"	adesai
"Devalle, Oscar"	osdevalle
"DEWITZ, SCOTT D."	scottdewitz
"DHAMOTHARN, SHAKIRA"	SDHAMOTHARN
"DHANYAMRAJU, SANDEEP"	"DHANYAMRAJU, SANDEEP"
"Dhir, Rohit"	rdhir
"DHOLAKIA, NIZAR"	ndholakia
"Diagnostics, Complete"	complete
"Diaz, Jose"	jdiaz
"DIAZ, LUIS N."	luisdiaz
"Dibble, Paul"	pdibble
"DICE, DAVID L."	daviddice
"Diddiqi, Mohammad"	siddiqim
"DINH, JAMES"	jamesdinh
"DINH, THIEN"	"DINH, THIEN"
"DIODATO, EDUARDO"	ediodato
"DITERESA, MICHAEL"	mditeresa
"DIXON, THOMAS"	"DIXON, THOMAS"
"DO, LAUREN"	LAURENDO
"DO, THANH VAN"	tdo
"Do, Victoria"	DR VICTORIA DO
"DOAN, JEFF"	JDOAN
"Doctor, Test"	tdoctor
"DOCTOR, UDAY"	UDOCTOR
"DOE, ANDREW"	andoe
"DOMANGUE, LINDSAY"	lindsaydomangue
"DOMINGUE, CHRISTOPHER"	CDOMINGUE
"DOMINGUEZ, BRYAN"	BRYAND
"DOMINQUEZ, MARK J"	MDOMINQUEZ
"DOMMAR, SUSANA"	sdommar
"DON, EMAH"	edon
"DONOVAN, WILLIAM"	"DONOVAN, WILLIAM"
"DONOVITZ, JAMES"	JDonovitz
"DORSETT, ALLEN"	adorsett
"Douglis, Franklin"	fdouglas
"DOUGLIS, FRANKLIN"	FDOUGLIS
"DOUMITE, DARIN"	ddoumite
"DOW, DOUGLAS"	DDOW
"DOW, MICHAEL"	MDOW
"DOWNEY, BRETT"	bdowney
"DOWNEY, BRETT"	brettdowney
"DOYLE, MARY"	MDOYLE
"DRAB, JARROD"	jdrab
"DRAKSHARAM, VENKET"	vdraksharam
"DRESCHNACK, PAUL ALAN"	DRESCHNACK
"DROMSKY, DAVID"	"DROMSKY, DAVID"
"DROST, KELLI"	KDROST
"D'SOUZA, JUDE"	DSOUZAJUDE
"DU, KHOI"	KHOIDU
"DUCHON, JOEL"	JDUCHON
"duck, donoald"	dduck
"DUCLAIR, CESAR"	DR CESAR DUCLAIR
"Dudycha, Ben"	Ben.Dudycha
"DUDYCHA, DAVID"	daviddudycha
"Dulam, Vikram"	vdulam
"DUMITRU, ADRIAN"	adumitru
"Dumont, April"	adumont
"DUNCAN, BRUCE"	"DUNCAN, BRUCE"
"DUNG, TUNG"	TDUNG
"Dunn, Kimberly"	KIMDUNN
"Dunn, Kimberly"	kdunn
"DUONG, CAN"	cduong
"DUONG, HUYEN"	hduong
"DUPONT, NEFERITITI"	neferititidupont
"Dupuis, T"	tdupuis
"Durairaj, Gopalasmy"	drraj
"DURAL, AYSE"	adural
"DURHAM, CHRISTOPHER"	cdurham
"DURKES, SHANE M"	shanedurkes
"DURLING, LAURA"	lauradurling
"Durrett, Lance"	ldurrett
"Durrett, Sherry"	sdurrett
"DUSHI -PARAMESWARAN, ANGELO"	dparameswaran
"DUTCH, CHARLES"	CDUTCH
"DUVALL, LARRY"	lduvall
"DUY, LAM"	lamduy
"DWAIRY, ADEEB"	adwairy
"Dylewski, Drew"	"dylewski, drew"
"EAMES, BRADLEY"	"EAMES, BRADLEY"
"EASTMAN, AMANDA"	aeastman
"Easton, Koltur"	DR KOLTUR EASTON
"EBEAD, SAMIR"	SEBEAD
"EBERENDU, LINDA"	"EBERENDU, LINDA"
"EBERLE, KATHLEEN"	KEBERLE
"EBETE, KENNETH"	"EBETE, KENNETH"
"ECHOLS-ELLIOTT, SABRINA"	sechols-elliott
"EDET, SAM"	SEDET
"Edstrom, PA, Bobbi"	bedstrom
"EIDSON, WALTER THOMAS"	"EIDSON, WALTER THOMAS"
"Eilers, Mark"	EilersMark
"EISENBERG, MICHELLE"	meisenberg
"EISSA, KARIM"	keissa
"ELANDARY, GEORGE"	"ELANDARY, GEORGE"
"ELBAZ, ALAIN"	aelbaz
"Elhajj, Feras N."	feraselhajj
"ELHAM, ABBASI-HAFSHEJANI"	abbasi-hafshejanielham
"ELKHALILI, ABDELNASER"	AELKHALILI
"ELKOUSY, HUSSEIN"	helkousy
"ELLENDER, MATTHEW"	"ELLENDER, MATTHEW"
"ELLENT, DAVID"	davidellent
"Ellis, Jaishree"	jellis
"Ellis, Mark"	ellism
"ELLMAN, MICHAEL"	"ELLMAN, MICHAEL"
"ELMALAH, AMIN"	ELMALAH
"El-Nemr, Mina"	Melnemr
"El-Zufari, Hazem"	hazemel-zufari
"elzufari, mohammad"	MELZUFARI
"Emah, Don"	demah
"ENGLAND, LESLIE E"	leslieengland
"England, NP, Michael Patrick"	mengland
"ENGLISH, DARRELL D"	darrellenglish
"ENI, IKE"	IEni
"ER NURSE, MOREHOUSE"	mphernurse
"ERB, DAVID"	"ERB, DAVID"
"ERICKSON, KENT"	kenterickson
"Erickson, Mathew"	"Dr. Erickson, Mathew"
"Erickson, PhD"	phderickson
"ESANTSI, MICHAEL"	mesantsi
"ESCALANTE, DAVID"	davidescalante
"ESCALONA, VALERIE"	vescalona
"ESCAMILLA, ASHLEY"	aescamilla
"ESPANA, PABLO"	"ESPANA, PABLO"
"ESPOSITO, THOMAS"	"ESPOSITO, THOMAS"
"ESQUIVEL, ROMAN"	r.esquivel
"ESSES, STEPHEN I"	SEsses
"ESTESS, NEWELL"	"ESTESS, NEWELL"
"ETUK, ANDREW"	"ETUK, ANDREW"
"EUBANKS, AARON"	"EUBANKS, AARON"
"EVANS, DONNIE"	DEVANS
"Evans, Paul"	pevans
"EVANS, RANDOLPH"	"EVANS, Dr. RANDOLPH"
"Fackler, John M."	johnfackler
"FADEM, STEPHEN"	SFADEM
"FADIA, PANKTI"	"FADIA, PANKTI"
"FAHAD, NAVEED"	nfahad
"Fairbanks, Rusty"	rfairbanks
"FAJARDO, JULIO"	"FAJARDO, JULIO"
"FAKHRE, CURTIS"	CURTISFAKHRE
"FAKHRE, GEORGE"	FAKHREGEORGE
"Falcon, Theresa"	tfalcon
"FANDRICH, CURTIS"	cfandrich
"FANICH, CURTIS"	curtisfanich
"Farber, Steven"	sfarber
"FARIDI, BABUSH"	bfaridi
"FARIDI, BABUSH"	fbabush
"FARIES, RONALD"	"FARIES, RONALD"
"FARLEY, SCOTT"	sfarley
"FAROOQUI, JUNAID"	"FAROOQUI, JUNAID"
"FARR, ANGEL"	DR ANGEL FARR
"Farrington, Kimberly"	kfarrington
"FAYAZ, IMRAN"	imranfayaz
"Fayaz, Irman"	ifayaz
"FEATHERSTON, SHANNON"	DR SHANNON FEATHERSTON
"FEIN, STEVEN"	sfein
"Feng, MD, Samuel"	"Samuel Feng, MD"
"FERNANDEZ, ORLANDO"	OFERNANDEZ
"Fernanez, Cathlina"	cfernandez
"Ferrell, Stacey"	sferrell
"FERRUFINO, LUIS"	lferrufino
"FERRY, KATHLEEN"	KFERRY
"Ferry, Pamela"	pamelaferry
"Fields, Kenneth"	kfields
"Figueroa, Glenn"	gfigueroa
"FIGUEROA, JOSE"	jfigueroa
"Filley, Mark"	mfilley
"FILLMAN, STEPHEN"	stephenfillman
"Finley, Heather"	HFinley
"FINO, DOCTOR"	doctorfino
"Fino, Remon"	Remon.Fino
"FIRST, KENNETH"	kfirst
"FISCHER, STEPHEN"	SFischer
"FISHER, CLAY"	cfisher
"FITZGERALD, JENNIFER"	jenniferfitzgerald
"Flak, Keith"	keithflak
"FLATTMANN, GEOFFREY J"	geoffreyflattmann
"FLEMING, WILLIAM"	wfleming
"FLOOD, JOE"	JFLOOD
"FLORES, CLAUDIA"	claudiaflores
"Flores, Diego"	DFlores
"FLORES-SANDOVAL, FELIPE"	felipeflores-sandoval
"Flower, Linda"	lflower
"Flowers, Brian"	FlowersBrian
"FLOWERS, N. BRIAN"	nflowers
"FLOYD, TERENCE"	"FLOYD, TERENCE"
"Fong, Stephanie"	sfong
"FONTANIER, CHARLES"	CFONTANIER
"Forte, Vincent"	VForte
"FOSTER, CARLOS"	"FOSTER, CARLOS"
"FOSTER, FREDRICK"	"FOSTER, FREDRICK"
"Foster, Lacrecia"	lfoster
"Foster, Lynanne"	lynfoster
"FOSTER, REBECCA"	RFOSTER
"FOSTER, STACI"	"Foster, Staci"
"FOX, JERROME"	"FOX, JERROME"
"FRANCIS, ADEBOYE"	afrancis
"FRANCIS, RICHARD"	rfrancis
"FRANCIS, WILLIAM"	FWilliam
"FRASER, RONALD"	rfraser
"FRIDLEY, WILLIAM"	williamfridley
"FRISK, PAUL"	"FRISK, PAUL"
"FRITZ, RAZVI"	RFRITZ
"Fritz, Robert"	afritz
"FRYE, DEREK"	"FRYE, DEREK"
"FUENTES, JOSE"	"FUENTES, JOSE"
"FUKE, CHRIS"	cfuke
"FUKSHANSKY, MIKHAIL"	mfukshansky
"Fulton, Anita"	afulton
"Funderburk, Ursula"	ufunderburk
"FUSON, RYAN"	DR RYAN FUSON
"GABOR, FARKAS"	FGABOR
"GADDAM, SATISH"	"GADDAM, SATISH"
"Gaddam-Reddy, Anjali"	anjaligaddam-reddy
"GADDI, NADIA"	ngaddi
"GAGICH, NICK"	DR NICK GAGICH
"GAINES, WILLIAM"	williamgaines
"GAJESKE, AARON"	AGAJESKE
"GAJEWSKI, DAVID"	DGajewski
"GAJULA, LEKA"	lekagajula
"GALINDO, DENIS"	denisgalindo
"GALLOWAY, NICHOLAS"	DR NICHOLAS GALLOWAY
"GAMBILL, MARIBETH"	mgambill
"Gammage, Coy"	"Gammage, Coy"
"Gann, MaryEllen"	mgann
"GARBS, ANTHONY"	agarbs
"GARCIA, ANDREW"	"GARCIA, ANDREW"
"GARCIA, DAVID"	DGARCIA
"Garcia, Elena"	egarcia
"Garcia, Jacques"	jacquesgarcia
"GARCIA, JEF"	"J, GARCIA"
"GARCIA, JEFREY"	JEFGARCIA
"GARCIA, JESUS"	jgarcia
"Garcia, Leticia"	lgarcia
"Garcia--Seay, Leticia"	leticiagarcia--seay
"GARDEZI, SYED"	sgardezi
"GARDINER, LESLEY"	lesleygardiner
"GARDNER, DONALD"	d.gardner
"GARDNER, GREGORY"	"GARDNER, GREGORY"
"GARGES, KIM"	kgarges
"GARNEPUDI, MARY"	mgarnepudi
"GARNER, JEFF"	jgarner
"GARRETT, JENNIFER"	jgarrett
"Garrett, William"	wgarrett
"GARZILLO, THOMAS"	"GARZILLO, THOMAS"
"Gautam, Samir"	"Dr. Gautam, Samir Chandra"
"GAUVAIN, TAGGART"	tgauvain
"GENE, KIM"	kimgene
"GENSIN, ALEXANDER"	agensin
"GENSON, ALEXANDER"	AGENSON
"GENSON, BILL"	billgenson
"GENTRY, JERRY"	jgentry
"GEORGE, CHANDLER"	"GEORGE, CHANDLER"
"Ghanem, Fadi"	fghanem
"GHANEM, FADI G."	fadighanem
"GHARBAOUI, IDRIS"	igharbaoui
"GHEBRANIOUS, AMIR"	aghebranious
"GHEZELI, SHAHDOKHT"	sghezeli
"GHOSH, SUBRATA"	subrataghosh
"GIBBS, LYNN"	lgibbs
"GILBERT, DOCTOR"	doctorgilbert
"Gill, Angela"	agill
"GILL, HARDEEP"	hardeepgill
"GILL, PAUL"	pgill
"Gill, Shazia"	sgill
"GILLEN, THOMAS"	TGILLEN
"Gilmore, James"	jgilmore
"GILMORE, JOHN"	johngilmore
"GIRGAWY, ESSAM"	eagirgawy
"Girgis, Michael"	mgirgis
"GIST, STEPHEN"	"GIST, STEPHEN"
"GIVLER, DONALD"	donaldgivler
"GLINES, CHAD"	DR CHAD GLINES
"GLOBKE, LELAND"	lelandglobke
"Gloyd, Timothy"	Timothy.Gloyd
"Goal, Jay"	jgoal
"GODLEY, STACEY"	sgodley
"GODWIN, KENYON"	"GODWIN, KENYON"
"GODWIN, NOAH"	NGODWIN
"GOEBEL, MERCEDES"	mgoebel
"GOEL, SARA"	SGOEL
"Gohel, Raka"	rgohel
"Goin, Joseph"	jgoin
"GOLDEN, CHAD"	cGolden
"GOLDSTEIN, DOUGLAS"	"GOLDSTEIN, DOUGLAS"
"GOLDSTEIN, STEVEN"	sgoldstein
"Golightley, Jason"	"Golightley, Jason"
"GOMBERA, MUFADDAL"	MGOMBERA
"GOMEZ, JOSEPH"	jgomez
"GOMEZ, TERESA"	"GOMEZ, TERESA"
"Gonzales, Frank"	Frank.Gonzales
"GONZALEZ, DAVID"	DGONZALEZ
"GONZALEZ, FERNANDO"	fgonzalez
"Gonzalez, FNP, Yaimara"	yaigon
"Gonzalez, Gabby"	ggonzalez
"GONZALEZ, JAIME"	"GONZALEZ, JAIME"
"GONZALEZ, JESUS"	jegonzalez
"GONZALEZ, JULIE"	juliegonzalez
"GONZALEZ, LUZ"	"GONZALEZ, LUZ"
"GOODWILL, JEANETTE"	jgoodwill
"GOODWIN, NOAH"	NGOODWIN
"GOPALAKRISHNA, GS"	gsgopalakrishna
"GOPALANI, ANISA"	anisagopalani
"GORDON, JAMES HARDY"	jamesgordon
"GORDON, MICHAEL"	michaelgordon
"GORE, STAN"	sgore
"Gorrela, Sushma"	sgorrela
"Gottipati, Anita"	agottipati
"Goux, Vincent"	vgoux
"GRABOIS, MARTIN"	mgrabois
"GRAHAM, CAROLINE"	"GRAHAM, CAROLINE"
"GRAHAM, J MICHAEL"	jgraham
"Graham, Michael"	mcraham
"GRAHAM, SANDRA"	SGRAHAM
"GRAINGER, H. JACK"	hgrainger
"granberry, william"	GRANBERRY
"GRANDON, PAUL"	paulgrandon
"GRANTHAM, CORI"	"GRANTHAM, CORI"
"Gray, Cynthia"	cynthiagray
"Gray, Kathy J"	KGray
"GRAY, KIMBERLY S."	kimberlygray
"GREEN, DE"	DEGREEN
"Green, Gregory"	ggreen
"GRENNAN, CAROL"	"GRENNAN, CAROL"
"Grieco, Gustavo"	ggrieco
"GRIFFIN, BRANDI"	bgriffin
"GRIFFIN, GREGORY"	"GRIFFIN, GREGORY"
"GRIGSBY, UZZIAH"	ugrigsby
"GRONING, GUNTHER"	gunthergroning
"Grose, Nellie"	ngrose
"GROSS, JASON"	"GROSS, JASON"
"GROUNDS, JOHN"	"GROUNDS, JOHN"
"GROVER, PAWAN"	pgrover
"Gruchow, Sheri"	sgruchow
"GUADALQUIVER, LIWA"	lguadalquiver
"GUADALQUIVER, LIWAYWAY"	l.guadalquiver
"GUAJARDO, JOSE"	jguajardo
"Guajardo, Santiago"	"sguajardo,"
"GUAJARDO, SANTIAGO"	sguajardo
"GUARDADO, KARINA"	"GUARDADO, KARINA"
"Guarjardo, Jose"	jguarjardo
"Guedon, Frank"	fguedon
"Guerrero, MD, Jorge"	JGUERRERO
"GUERRINI, JOSEPH"	JGUERRINI
"GUEVARA, DEBRA"	"GUEVARA, DEBRA"
"GUINIGUNDO, NOLI"	NOLIGUINIGUNDO
"Gulf Coast, Clearlake"	gcmricl
"GUNDANA, DOCTOR"	doctorgundana
"GURAM, MANINDER"	guramm
"Gurdeep, Sethi"	sgurdeep
"GURNAIB, SIDHU"	sgurnaib
"Gutierrez, David"	dgutierrez
"H.Hung, S"	PARAMOUNT
"H.Hung, Scott"	S H.Hung
"HA, TON"	tonha
"Ha, Tony"	htony
"HA, TRUNG"	"HA, TRUNG"
"Hackavy, Shellly"	shackavy
"HADAD, ANIBAL"	AHADAD
"HAGARTY, DARREN"	DR DARREN HAGARTY
"Haider, Huma"	humahaider
"Halberier, Stayton"	shalderbier
"HALE, AMY"	AMYHALE
"Hale, Ashley"	AHale
"Hall, Curtis"	CHALL
"HALL, CYNTHIA"	c.hall
"HALL, JOHN"	"HALL, JOHN"
"HALLBAUER, GREGG"	gregghallbauer
"HALLISEY, THOMAS"	thallisey
"HALVERSON, BRAD"	"HALVERSON, BRAD"
"Hamat, Howard"	hohamat
"HAMAT, HOWARD"	HHAMAT
"HAMID, BASEM"	BHAMID
"HAMILTON, YOLANDA"	yhamilton
"HAMME, CRISTINA"	cristinahamme
"Hammit, Matt"	mhammit
"HAMMOND, DAVID"	dhammond
"Hammonds, Charles"	chammonds
"HANCOCK, SHANE"	shancock
"HANSEN, BENJAMIN"	BHANSEN
"Hanson, Anthony"	ahanson
"HAQUE, MOHAMMAD"	mohammadhaque
"HARDY, LINDA"	lindahardy
"Harewood, Darin"	Darin.Harewood
"HARMON, BRENT"	"HARMON, BRENT"
"HARRISON, KRYSTLE"	krystleharrison
"HART, NORA CATHRINE"	norahart
"HARTLEY, S.F."	HARTLEYSF
"HARVEY, GREGORY"	GHARVEY
"HARVEY, GREGORY P"	gregoryharvey
"HASSAN, HAROON SAID"	"HASSAN, HAROON SAID"
"HASSAN, HINA"	HHASSAN
"HATCH, TODD"	thatch
"HATHAWAY, WILLIAM GLENN"	williamhathaway
"Hatmaker, Daniel"	hatmakerd
"HAVENS, SHANNON"	shannonhavens
"HAWKINS, NEAL"	"HAWKINS, NEAL"
"HAWKINS, TAMATHA Y"	tamathahawkins
"HAWKINS, WILLIE"	whawkins
"Hayden, Ben"	benhayden
"HAYDEN, REECE"	RHAYDEN
"HAYDEN, SHAWN"	"HAYDEN, SHAWN"
"HAYES, CANDICE"	DR CANDICE HAYES
"Hayes, William M."	HayesWilliam
"HAYNES, DAWSHEEN"	"HAYNES, DAWSHEEN"
"HAYNES, FRANKLIN"	fhaynes
"HAYNES, JD"	jhaynes
"HAZELTON, ASHLEY"	"HAZELTON, ASHLEY"
"HEALY III, JOHN A"	johnhealy
"HEATH, DALTON"	daltonheath
"Hede, Vidyadhar"	vhede
"HEIDARI, ALI"	"HEIDARI, ALI"
"HEIDARI, MOHAMMAD"	"HEIDARI, MOHAMMAD"
"Heinen, Jade"	jheinen
"Heinen, Joseph"	josheinen
"Heinen, Nick"	nheinen
"HEINTZ, JAMES"	JHEINTZ
"HELTON, GLENN"	glennhelton
"Helton, Jason"	Jason.Helton
"HEMPSTEAD, MICHAEL"	"HEMPSTEAD, MICHAEL"
"HENDRIKZ, EARL"	ehendrikz
"HENRY, JOE BYRON"	joebyronhenry
"HENRY, MARK"	MHENRY
"HENSON, MARY KATHERINE ANN"	maryhenson
"HERNANDEZ, CAROLINE"	"HERNANDEZ, CAROLINE"
"HERNANDEZ, DOCTOR"	doctorhernandez
"HERNANDEZ, JONATHAN"	HERNANDEZJ
"Herpel, Melissa"	mherpel
"HERPEL, MELISSA"	melissaherpel
"HERRERA, CARLOS"	cherrera
"HERSHKOWITZ, LEONARD"	lhershkowitz
"HETZER, MARK"	mhetzer
"HEWITT, MARY"	mhewitt
"HEYDARI, ABBAS"	aheydari
"HIGGINBOTHAM, DAVID"	dhigginbotham
"HIGGS, MATTHEW"	mhiggs
"HILDEBRAND, VALERIE"	valeriehildebrand
"HILDRETH, DAVID"	dhildreth
"Hill, Brittany"	bhill
"HILL, FREDRICK"	fhill
"Hill, Harold"	DR HAROLD HILL
"HILL, JASON"	DR JASON HILL
"HILL, MARK"	MHILL
"Hill, Rebecca"	rhill
"HILL, SHADANA"	DR SHADANA HILL
"Hill, Shemeka"	shill
"HILLEBRANDT, COLE"	colehillebrandt
"Hilliard, Rudyard"	rhilliard
"HILLMAN, LORI J"	lorihillman
"HIMMELSEHR, CRAIG"	DR CRAIG HIMMELSEHR
"Hinds-Campa, Samantha"	scampa
"HINES, BREN"	"HINES, BREN"
"Hingorani, Rishi"	rhingorani
"HIRACHAN, PADAM"	padamhirachan
"Ho, Minh"	mho
"HO, TUONG VI"	tho
"HOANG, CALVIN"	choang
"HOANG, GIAO"	ghoang
"HOANG, LONNY"	lhoang
"HOANG, PETER"	pehoang
"Hoang, Phat"	phoang
"HOANG, THANH"	thoang
"HOANG, TUAN"	tnhoang
"Hoffman, Brett"	Brett.Hoffman
"HOFFMAN, PAUL"	PHOFFMAN
"HOFFMAN, ROBERT"	rhoffman
"HOGAN, JUSTIN"	justinhogan
"Hogan, Matthew"	mhogan
"HOLMAN, MICKEL"	MHOLMAN
"Holzbach, Jeremiah"	jholzbach
"Hopkins, Amy"	Amy.Hopkins
"HOPKINS, ASHLEY"	"HOPKINS, ASHLEY"
"Hoque, Mohammed"	mhoque
"Horsfield, Matthew"	MHORSFIELD
"HOSKINS, JASON"	JHOSKINS
"HOSSEINI, BAHAREH"	"HOSSEINI, BAHAREH"
"HOSSEINI, SAM"	"HOSSEINI, SAM"
"HOTHEM, ELIJAH"	DR ELIJAH HOTHEM
"Howard, Susan"	showard
"Howe, Amy"	HoweAmy
"HOWE, MICHAEL"	"HOWE, MICHAEL DR."
"HOWIE, DAVID"	DHOWIE
"HOWINGTON, AMANDA"	ahowington
"HSIEH, JOSEPH CHIN"	JHSIEH
"Hu, Chung- Tai"	chu
"HU, CHUNG TAI"	chunghu
"Hua, Linh"	lhua
"HUANG, JOHN"	JHUANG
"HUBBARD, BRADLEY"	"HUBBARD, BRADLEY"
"HUETE, KENNETH"	khuete
"Huey, Doyle"	dhuey
"HUFFMAN, JOSHUA"	"HUFFMAN, JOSHUA"
"HUGHES, JOHNNIE"	"HUGHES, JOHNNIE"
"HUGHES, TIM"	"HUGHES, TIM"
"HUME, JOHN"	jhume
"HUMENIUK, W. B."	wbhumeniuk
"Hung, Scott"	shung
"Hunt, Madeline"	mhunt
"HUNTER, NOTA"	notahunter
"HURTADO, JAIME"	JHURTADO
"HUSAIN, SHAISTA"	SHUSAIN
"Husaini, Innad"	ihusaini
"HUSSAIN, YANIS"	YHUSSAIN
"HUSSEIN, MUSA"	"HUSSEIN, MUSA DR."
"HUTCHISON, SANDRA"	shutchinson
"Huynh, Andy"	ahuynh
"HUYNH, ANGELO"	anhuynh
"HUYNH, CHARLIE"	chuynh
"HUYNH, NANCY"	nhuynh
"HUYNH, PHUC"	phuynh
"Huynh, Thao"	thuynh
"HUYNH, TRIET Q"	TQHUYNH
"HWANG, ANDRE"	"HWANG, ANDRE"
"HWANG, HOSUN"	HHWANG
"HYDE, LINDA"	lindahyde
"Hysler, Thomas"	thysler
"Ibrahim, Adel"	adelibrahim
"IBRAHIM, FATIMA"	fibrahim
"IERO, JOSEPHI"	josephiiero
"IMPERIAL, CHRISTOPHER"	christopherimperial
"INBODY, STEVEN"	sinbody
"INCE, CHRIS"	"INCE, CHRIS"
"INDRESANO, ANDREW"	"INDRESANO, ANDREW"
"INGRAHAM, ANNETTE"	AINGRAHAM
"Ingram, Kevin"	jingram545
"INTERVENTIONAL PAIN SPECIALISTS, SYNEK/HUYNH"	IPS
"Iqbal, Saad"	siqbal
"Irby, Scott"	sirby
"ISAZA, ADRIANA"	AISAZA
"ISMAIL, ABRAR"	AISMAIL
"ISSA, HUSAM"	hissa
"Ize-Iyamu, Menoni"	IZE
"JACKSON, ANTONIOUS"	"JACKSON, ANTONIOUS"
"JACKSON, DRYDEN"	djackson
"JACKSON, MARGARET"	"JACKSON, MARGARET"
"Jackson, William"	JacksonWilliam
"JACOB, MOHAN"	mjacob
"Jacob, Susan"	sjacob
"JACOBS, JESSE"	"JACOBS, JESSE"
"JAFAR, AMAN"	ajafar
"Jaffrani, Naseem"	njaffrani
"Jafri, Abbas H."	abbasjafri
"JAGLOWSKI, JEFFREY"	JJAGLOWSKI
"JAIME, HUGO"	HJAIME
"JAIN, ANJALI"	anjain
"JAIN, ANJALI"	ajain
"JAIN, MARTHA"	mjain
"Jakob, Tracy F MD"	tjakob
"JALALI, JALAL"	"JALALI, JALAL"
"JALALI, MEHDI"	"JALALI, MEHDI"
"JAMALI, SHABBIR-HUSAIN"	sjamali
"James, Derrill"	djames
"JAMSHID, DOCTOR"	doctorjamshid
"JANSSEN, NAMIETA"	NJANSSEN
"Jarolimek, Lubor"	ljarolimek
"Javaid, Muhammad"	mjavaid
"Jawdat, Imtihan"	ijawdat
"Jea, Andrew"	JEAANDREW
"Jeanne, Smith"	jsmith
"JEFFERSON, MICHELLE"	"JEFFERSON, MICHELLE"
"Jenevizian, Ara"	arajenevizian
"JENKINS, AMANDA"	JAMANDA
"JENSON, DAVID"	djenson
"JERNIGAN, MATTHEW"	"JERNIGAN, MATTHEW"
"JETER, VINCENT"	vjeter
"JETTON, TERRY"	"JETTON, TERRY"
"JODOIN, JASON"	"JODOIN, JASON"
"JOHNIGAN, RICHARD"	RJOHNIGAN
"JOHNSON, CATALINA"	"JOHNSON, CATALINA"
"JOHNSON, CHERYL"	chjohnson
"JOHNSON, CHERYL"	cheryljohnson
"JOHNSON, CLINT"	clintjohnson
"JOHNSON, DARLENE"	"JOHNSON, DARLENE"
"Johnson, Keith"	JohnsonKeith
"Johnson, Kindy"	Kindy.Johnson
"JOHNSON, LECTOY"	ljohnson
"Johnson, Lindy"	Lindy.Johnson
"Johnson, Melissa"	mejohnson
"JOHNSON, MICHELLE"	mjohnson
"JONES QUAIDOO, SEAN"	SQUAIDOO
"JONES, ALISON"	DR ALISON JONES
"JONES, ANTHONY"	"JONES, ANTHONY"
"JONES, JACOB"	jjones
"JONES, MICHAEL"	michaeljones
"JONES, RICHARD"	"JONES, RICHARD"
"JONES, SHARVELLE"	SHARVELLEJONES
"Jones, Thomas"	tjones
"JONES, TIA"	"JONES, TIA"
"JONES-QUAIDOO, SEAN"	"JONES-QUAIDOO, SEAN"
"Jordan, William J."	williamjordan
"JORDAN-MARSHALL, BETTY"	BBJORDAN-MARSHALL
"JOSEPH, JULIE"	"JOSEPH, JULIE"
"JOSEPH, PHILOMORE"	"JOSEPH, PHILMORE"
"Joshi, Lata"	latajoshi
"JOTWANI, VIJAY"	vjotwani
"JOUBERT-GILBERT, SHARON"	sharonjoubert-gilbert
"JOURDAN, JOY"	jjourdan
"JUAN, ORTEGA"	jortega
"JUE, LENNY"	"jue, lenny"
"JUN SU, JEONG"	"JUN SU, JEONG DR."
"JUNG, STEPHEN"	SJUNG
"KADIR, ABDUL"	abdulkadir
"KAISER, KEN"	kenkaiser
"KAIVAN MEHR, ELHAM"	"KAIVAN MEHR, ELHAM"
"KAIVAN MEHR, ELLIE"	"KAIVAN MEHR, ELLIE"
"KAMANA, MALLIKA"	mkamana
"KANDANUTTU, JAISY"	JKANDANUTTU
"Kant, Andrew"	akant
"KANTER, BARON"	"KANTER, BARON"
"Karim, Altaf"	altafkarim
"KARIM, AZIM"	akarim
"Karim, Shahnaz"	skarim
"Karim, Taslima"	tkarim
"Karimjee, Najmuddin"	nkarimjee
"KARIMJEE, NAJMUDDIN"	jkarimjee
"Kashyap, R"	rkashyap
"KASSARWAL, AJAY"	akassarwal
"Kasule, L"	lkasule
"KAWLASKI, WILLIAM"	wkawlaski
"KAYELLO, IHAB"	DR IHAB KAYELLO
"Kazi, Amber"	amberkazi
"Keepers, Jerry"	jkeepers
"KELLEY, JEFFREY"	jeffreykelley
"KELLY, DONNA"	"KELLY, DONNA"
"KELLY, JERALD"	"KELLY, JERALD"
"KELONE, TRACY"	tracykelone
"Kemp, Daryl"	dkemp
"Kemp, Jessica"	jkemp
"KENG, ANGEL"	AKENG
"KENNEDY, JOE"	"KENNEDY, JOE"
"KEPHART, JOHN"	"KEPHART, JOHN"
"KERN, DEANNA"	"KERN, DEANNA"
"KERN, KARA"	karakern
"KERR, ALBERT"	akerr
"KERRY, ROBERT MARK"	rkerry
"Kerschenbaum, Joel"	joelkerschenbaum
"Kettle, Emile"	ekettle
"Key, Bart"	bkey
"Key, James"	jkey
"KHALIL, MAHMOUD"	DRKHALIL
"KHALIL, MICHAEL"	mkhalil
"KHAN, ABDUL"	abdulkhan
"KHAN, ARIF"	"KHAN, ARIF"
"KHAN, ARSHAD"	arshadkhan
"KHAN, ASAD"	DR ASAD KHAN
"KHAN, EDINA"	KEDINA
"Khan, Farhat"	farhatkhan
"Khan, Mujtaba Ali"	mujtabakhan
"Khan, Rizwan"	rkhan
"Khan, Roohi M."	roohikhan
"KHAN, RUBEENA"	rubeenakhan
"KHAN, RUBY"	"KHAN, RUBY"
"KHAN, SABRINA"	KSABRINA
"Khan, Tasheen"	tkhan
"KHORSANDI, MARK"	mkhorsandi
"KHOSLA, ANKUR"	ankurkhosla
"KHOURY, PIERRE"	PKHOURY
"Khurshid, Munawwer"	mkhurshid
"KIEKE, EDWIN"	EKIEKE
"KIFER, TUCKER"	tkifer
"Kiles, Shelby"	skiles
"KILGORE, SEAN"	"KILGORE, SEAN"
"KILIAN, ROBERT"	Rkilian
"KIM, JOANNE"	jkim
"KIM, YOUNG"	YKIM
"KIMMEL, RONALD"	ronaldkimmel
"King, Lauren"	"King, Lauren"
"KIP, TIM"	tkip
"KIRK, DAVID"	DR DAVID KIRK
"KIRKWOOD, JOHN"	jkirkwood
"KIRKWOOD, MILTON"	mkirkwood
"KIRKWOOD, RONALD"	RKIRKWOOD
"KIRKWOOD, TOBY"	tkirkwood
"KITCHELL, MICHAEL"	MKITCHELL
"Klick, Terri"	tklick
"KLOSTER, STEVEN"	"KLOSTER, STEVEN"
"KLOTZ, JOSEPH"	"KLOTZ, JOSEPH"
"Knapp, Charla"	cknapp
"Knight, Kyler"	knightk
"Ko, Emmie"	eko
"Kobza, Edward"	ekobza
"KOBZA, PAUL"	paulkobza
"KODALI, PRADEEP"	pkodali
"KODALI, UDAYINI"	udayinikodali
"KOLAILAT, MOHAMAD-ALI"	"KOLAILAT, MOHAMAD-ALI"
"KOLCUN, MICHEAL"	MKOLCUN
"KOLENKO, THOMAS"	thomaskolenko
"KONARIK, RYAN"	RKONARIK
"KONG, HARINATH NICK"	DR HARINATH NICK KONG
"KOOVAKADA, BETSY"	bkoovakada
"KOPPEL, LOWELL"	"KOPPEL, LOWELL"
"KOPPIE, MICHELLE"	mkoppie
"Korivi, Naveendra"	nkorivi
"KORTHAUER, KEN"	kkorthauer
"KOTECHA, NILESH"	nkotecha
"Kotecha, Nilesh N."	nileshkotecha
"KOTHARI, ROCKY"	"KOTHARI, ROCKY"
"Kothman, Korey"	Korey.Kothman
"KOWALSKI, WILLIAM"	wkowalski
"KOZHAYA, SOKHON"	"kozhaya, sokhon"
"KRASOWSKY, GEORGE"	"KRASOWSKY, GEORGE"
"KRAUSE, JAMES"	jameskrause
"KRAVETZ, PHILLIP"	PKRAVETZ
"Kreit, Camil"	ckreit
"Kreit, Mark"	mkreit
"Kreit, Samir"	skreit
"Krishna, Alok"	akrishna
"KROMELIS, FRANK"	FKROMELIS
"KUCHLER, THEODORE"	theodorekuchler
"KUKKAR, NITTIN"	"KUKKAR, NITTIN"
"KULCAK, DOCTOR"	doctorkulcak
"KULOW, KELLI"	KULOWK
"KULOW, KELLIE"	kkulow
"Kumar, Swati"	skumar
"KUONG, TAM"	tkuong
"KURZYDLO, GRZEGORZ"	GKURZYDLO
"KUSHWAHA, VIVEK"	vkushwaha
"Kutchback, James"	jameskutchback
"KUWAMURA, FRANK"	frankkuwamura
"KUYKENDALL, STEPHEN"	SKUYKENDALL
"Kwatra, Ajay"	akwatra
"La Rose, James"	jlarose
"LAALI, CYRUS"	"LAALI, CYRUS"
"LABANCA, FRANCISCO"	franciscolabanca
"Labbe, Marc R."	marclabbe
"LACERAS, ALEXANDER"	ALACERAS
"Lachterman, Bruce"	blachterman
"Lacour, Douglas"	dlacour
"Lacrecia, Foster"	flacrecia
"LACY, CHISTEE"	"LACY, CHISTEE"
"LAFANI, IRFAN"	ILAFANI
"LAFFEL, SAMUEL"	"LAFFEL, SAMUEL"
"Lahaye, Paula"	plahaye
"Lahori, Rama"	R.LAHORI
"LALL, LENNY"	LLALL
"LAM, ALICE"	alam
"LAM, MY NGOC"	mlam
"LAMBERT, JEFFERY"	jlambert
"LAMITER, SUSAN"	slatimer
"LANE, AIENA"	aienalane
"LANGHAM, APRIL"	"LANGHAM, APRIL"
"LaPointe, Genevieve"	Genevieve.LaPointe
"Lara, Karen"	klara
"LaRavia, Dennis"	"Dr. LaRavia, Dennis"
"LARCHER, RONALD"	rlarcher
"LARKS, KEVIN"	kevinlarks
"LASANTA, RENE"	rlasanta
"LATCH, KERRY"	"LATCH, KERRY"
"LAUGHLIN, JAMES"	"LAUGHLIN, JAMES"
"Launkitis, Robert"	robertl
"Laurents, Mark"	MLAURENTS
"LAVADO, JAVIER"	jlavado
"LAVOIE, RONALD"	rlavoie
"LAWLER, THEODORE"	TLAWLER
"LAWSON, RACHEL"	RLAWSON
"Le, Andrew"	ale
"Le, Baoan"	BaoanLe
"LE, BRIAN"	ble
"LE, DANIEL"	dle1
"Le, Dewey"	dlee
"LE, DUC (STEVE)"	DLE
"LE, HUY"	HLE
"LE, KELVIN"	"LE, KELVIN"
"LE, KHANH"	"LE, KHANH"
"LE, MINH"	mle
"Le, Paul"	ple
"LE, PHONG"	phle
"LE, RICHARD"	richardle
"LE, STEVE"	s.le
"Le, Thang"	tle
"LE, THANH"	thle
"LE, THOMAS"	lethomas
"LE, THOMAS T."	ttle
"LE, TRI DAVID"	TRIDAVIDLE
"LE, TRI(DAVID)"	tdle
"LE, TRUC"	trle
"LE, VICTORIA"	vle
"LE, VICTORIA"	"LE, VICTORIA"
"LEACH, LYN"	"LEACH, LYN"
"LEAGO, ROSS"	rleago
"Leahy, Michael"	mleahy
"LEBER, FAITH"	faithleber
"Leblanc, Larry"	lleblanc
"LEBOUEF, ERIC"	ELEBOUEF
"Leder, Stuart"	sleder
"Lee, Andrew"	alee
"LEE, ANDREW"	anlee
"LEE, BOWLVA"	blee
"LEE, BRUCE"	brlee
"LEE, DONGHAK"	"LEE, DONGHAK"
"LEE, EDWARD"	EDWARDLEE
"LEE, GRACE"	glee
"LEE, HELEN"	hhlee
"LEE, JEFFREY"	JELEE
"Lee, Jody"	jodylee
"LEE, JONATHAN"	JLEE
"Lee, Kenneth J.H."	klee
"LEE, MONIQUE"	MLEE
"Lee, Quoc"	qlee
"Lee, Susan"	SLEE
"Lee-McGee, Tracy"	tleemcgee
"Leggett, Philip"	pleggett
"LEHMANN, SHAUN"	slehamann
"LEHMANN, TIMOTHY"	DR TIMOTHY LEHMANN
"LENAHAN III, LELAND"	lelandlenahan
"Leonard, Michael"	mleonard
"Lepow, Randall"	rlepow
"LERNER, SETH"	SLERNER
"LESTER, BRONSON"	"LESTER, BRONSON"
"LETCHER, BEZAWIT"	"LETCHER, BEZAWIT DR."
"LETT, SHAWN"	"LETT, SHAWN"
"LEVINTHAL, ROBERT"	rlevinthal
"LEVY, RICHARD"	"LEVY, RICHARD"
"LEYVA-TSYCHUYEVA, VIRIDIANA"	VLEYVA
"LEZA, MARIO"	"LEZA, MARIO"
"LI, HUAIGUANG"	HLI
"LI, NANCY"	NANCY.LI
"LI, SAM"	lisam
"LIANG, JEFFREY"	lliang
"LIECHTY, PAUL"	"LIECHTY, PAUL"
"Lightner, Oscar"	OLIGHTNER
"LIN, CHUN"	"LIN, CHUN"
"LIN, DAVID"	dlin
"LIN, SCOTT"	SLin
"LIN, TED"	TEDLIN
"LINDBERG, RICHARD"	rlindberg
"LINDERMAN, LAURA"	"LINDERMAN, LAURA"
"LINH, DANG"	Dlinh
"Lintner, David"	dlintner
"Litchfield, Chriptopher"	CLitchfield
"LIU, ERIC S"	ericliu
"LIU, HANLIN"	"Liu,Hanlin"
"LIU, HONGBO"	"LIU, HONGBO"
"LIU, JAMES"	J.Liu
"LI-YUNG HING, ANDREW"	AHING
"Lo, Erwin"	erwinlo
"Lobo, Alan"	alobo
"LOGAN, CLYDE"	"LOGAN, CLYDE"
"LOMO, ADJETEY"	AKLOMO
"LONCARICH, DAVID"	DLONCARICH
"Long, David"	"David,Long"
"LONG, DONALD"	DLONG
"LONG, LE"	LLONG
"LOPEZ, ANTHONY"	DR ANTHONY LOPEZ
"LOPEZ, GENE"	GENELOPEZ
"Lopez, Jessie"	LOPEZJESSIE
"LOPEZ, KAREN"	KARENPLOPEZ
"LOPEZ, MICHAEL"	"LOPEZ, MICHAEL"
"LOPEZ, ROWENA"	RLOPEZ
"Lorente, Lorenzo"	llorento
"LOTFI, JAMSHID"	"LOTFI, JAMSHID"
"Lowe, Walter"	WLOWE
"Loza, Vanessa"	Vanessa.Loza
"Lozano, Pedro"	Plozano
"LUEDKE, COLTON"	coltonluedke
"Lugo-Miro, Victor"	vlugomiro
"Luong, Ben"	bluong
"LUONG, TAN"	"LUONG, TAN"
"Lutrick, Cammeron"	clutrick
"LUU, MINH"	mluu
"LYNCH, RYAN"	"LYNCH, RYAN"
"M, HAMMIT"	MHammlt
"Mabry, David"	davidmabry
"MABrY, JUNE"	Maybryjune
"MACIVER, DAVID"	"MACIVER, DAVID"
"MACKEY, JENNIFER"	JMACKEY
"MACTAVISH, LARRY"	lamactavish
"MacTavish, Lawrence"	lmactavish
"Mactavish, Scott"	smactavish
"MACY, JEFF"	"MACY, JEFF"
"MADUKA, CHUCK"	CMADUKA
"Madupur MD, Mukesh"	MMADUPUR
"MAEWAL, PARAM"	p.maewal
"MAFFET, MARK"	mmaffet
"MAGBAG, JOSE"	jmagbag
"Mahajam-Merritt, Kavita"	kmahajam-merritt
"MAHAJAN, NITIN"	n.mahajan
"MAHER, JAMES"	jamesmaher
"MAHMOODUDDIN, FAISAL"	fmahmooduddin
"MAI, JENNIFER"	jennifermai
"MAI, JOHN"	jmai
"MAIER, MICHAEL"	MMAIER
"MAIRENA, NOEL"	"MAIRENA, NOEL"
"Maislos, Gabriel"	gmaislos
"MAJANO, JOSE"	jmajano
"Maldonado, Rolan"	rmaldonado
"Malik, Amir"	Amalik
"MALINI, KUMAR"	kumarmalini
"MALLEPALLI, JYOTHI R"	jyothimallepalli
"MAMON, DANIKA"	DR DANIKA MAMON
"Manard, Bethany"	bethanymanard
"MANDY, NGO"	nmondy
"MANGUM, GREGORY"	gmangum
"Maniscalco, Stephen"	stephenmaniscalco
"MANLONGAT, GEORGE"	gmanlongat
"MANN, BRIAN"	"MANN, BRIAN"
"MANN, MICHAEL"	mmann
"MANN, TRAVIS"	"MANN, TRAVIS"
"MANSOUR, ALFRED"	amonsour
"Mansour, E. Shawn"	emansour
"MANTENA, RAJU"	RMANTENA
"MANZI, SUZANNE"	smanzi
"MAO, CHI"	c.mao
"Maraghi, Azar"	amaraghi
"Marcellus, John"	jmarcellus
"MARCO, REX"	rexmarco
"MAREK, SHAUN"	"MAREK, SHAUN"
"MARIETTA, NICOLE"	nicolemarietta
"Markle, Jason"	jmarkle
"MARKS, KEVIN"	kevinmarks
"MARKUM, RANDY"	"MARKUM, RANDY"
"Marlow, Michael D."	michaelmarlow
"Marqueardt, Mark"	mmarqueardt
"MARQUEZ, MICHAEL"	MMARQUEZ
"MARSHALL, JAMIE"	jamiemarshall
"MARTIN, DEREK"	MARTINDEREK
"Martin, Earl"	emartin
"MARTIN, JENNIFER E"	jennifermartin
"MARTIN, MICAEL"	MICAELMARTIN
"MARTIN, MICHAEL"	michaelmartin
"MARTIN, MICHAEL"	martinm
"MARTIN, STEVEN"	"MARTIN, STEVEN"
"MARTINEZ, JORGE"	jmartinez
"Martinez, Monica"	monicamartinez
"Martinson, Bonnie"	bmartinson
"MARULLO, PAUL"	pmarullo
"MARUPUDI, SESHASREE"	seshasreemarupudi
"MARZBAN, FARSHID"	"MARZBAN, FARSHID"
"MARZBAN, FARZAD"	"MARZBAN, FARZAD"
"MASCIO, ROBERT"	"MASCIO, ROBERT"
"MASK, RANDALL"	"MASK, RANDALL"
"MASK, WAYNE"	wmask
"MASON, DOCTOR"	doctormason
"Mason, John David"	jdmason
"MASRI, MIRNA"	"MASRI, MIRNA"
"Massengale, Gordon"	gmassengale
"MASSEY, DAVID"	davidmassey
"Masson, Marcos"	mmasson
"MATHEW, NIBU"	nmathew
"Mathis, James"	jmathis
"Mathis, Kenneth B"	kmathis
"Matthews, Wayne"	wmatthews
"MATTIOLI, MARTHA"	MMATIOLLI
"MAYOR, JESUS"	jesusmayor
"MBOGUA, CAROLINE"	CMBOGUA
"McAlister, Wade"	wmcalister
"McBRIDE, LATRESHA"	lmcbride
"MCCABE, PATRICK"	"MCCABE, PATRICK"
"MCCAIN, CASEY"	cmccain
"MCCALEB, MICHAEL"	mmccaleb
"MCCALL, TESHA"	TMcCall
"McCann, Michael"	mmccann
"MCCLELLAN, DOUGLAS"	"MCCLELLAN, DOUGLAS DR"
"MCCLERKIN, ALEXIA"	AMCCLERKIN
"McClintock, Michael"	mmcclintock
"MCCOMB, MARCUS CODY"	marcusmccomb
"MCCORMICK, BRYAN"	"MCCORMICK, BRYAN"
"McCrae, Shaun"	smccrae
"MCCREERY, JONATHAN"	"MCCREERY, JONATHAN"
"McCuaig, Patrick"	Patrick.McCuaig
"McDonald, Kenneth"	kenmcdonald
"McEleen, Russell"	"Dr. McEleen, Russell"
"McELRAVY, GINGER"	gingermcelravy
"MCELROY, ALFRED"	"MCELROY, ALFRED"
"MCELROY, KASSI"	"MCELROY, KASSI"
"MCEWIN, VALERIE"	"MCEWIN, VALERIE"
"McGowan, Robin"	rmcgowan
"McGowan, Robin"	rrmcgowan
"MCGREW, FRANKLIN"	franklinmcgrew
"MCHONE, SHAWN"	smchone
"MCINTYRE, JOHN"	jmcintyre
"Mckean, Mitchell"	mmckean
"MCKEEVER, CLARK"	cmckeever
"MCKEEVER, GRANT"	gmckeever
"McKeever, Gregory"	gregorymckeever
"MCMANUS, MILA"	M.MCMANUS
"McMillan, Amanda"	amcmillan
"MCMILLIAN, GINGER"	gingermcmillian
"MCMULLEN, DEIRDRE"	DMCMULLEN
"MCMURREY, RYAN"	RMCMURREY
"MCNEESE, JASON"	jmcneese
"McPherson, Charles K."	charlesmcpherson
"MCREE, PETER"	"MCREE, PETER"
"MEANS, FRANK"	"MEANS, FRANK DR."
"Meawal, P"	PMEAWAL
"Mecklai, Almas"	amecklai
"MEDRANO, FRANCISCO"	franciscomedrano
"MEEKS, EVAN"	emeeks
"Megwa, Joseph"	jmegwa
"MEHROTRA, VINIT"	"MEHROTRA, VINIT"
"MEHTA, ANKUR"	ANKURMEHTA
"MEHTA, NAVNIT"	NAVINT MEHTA MD
"MEHTA, SACHEEN"	"MEHTA, SACHEEN"
"Mehta, Tejas"	tmehta
"MEHTA., MUKESH"	mukeshmehta.
"MELANIE, DOCTOR"	doctormelanie
"MELILLO, ANTHONY"	AMELILLO
"Meltzer, Steven"	smeltzer
"Memon, Ilyas"	imemon
"MENA, TOMEKA"	TMENA
"MENDOZA, E.V."	EMENDOZA
"MENDOZA, FABBY"	fmendoza
"Menga, Gwendoline"	gwendolinemenga
"Merritt, Cotton"	Cotton.Merritt
"MESHACK, BENJAMIN"	bmeshack
"Messenger, Candy"	Candy.Messenger
"METHA, ANKUR"	AMEHTA
"Metwalli, Zeyad"	zmetwalli
"METZ, DONALD"	DMETZ
"MEYER, RALPH"	"MEYER, RALPH"
"MEYMAND, BAHRAM"	"MEYMAND, BAHRAM"
"mgbeike, esther"	emgbeike
"MIAN, SALMAN"	msalman
"Michalak, David"	dmichalak
"Michalak, David W."	davidmichalak
"MICKEY, LAUREN"	laurenmickey
"Middeldorf, Jeffrey"	jmiddeldorf
"MIKKILINENI, RAJ"	rmikkilineni
"MIKKILINENI, RAJ"	rmikkilineni md
"MILES, CHESS"	CMILES
"MILES, JERRY"	"miles, jerry"
"MILETELLO, MITCHELL"	MMILETELLO
"Milington, Karmaine"	kmilington
"MILLER, DAVID"	"MILLER, DAVID"
"MILLER, GEORGE"	g.miller
"MILLER, KENT"	kmiller
"MILLER, LEE"	LMILLER1
"MILLER, MARSHA"	"MILLER, MARSHA"
"Mills, Bryan"	Bryan.Mills
"MILLS, LARRISSA"	"MILLS, LARRISSA"
"MILNE, ANDREA"	"MILNE, ANDREA"
"MINATREA, NICOLE"	"MINATREA, NICOLE"
"MINH, LUU"	LUUMINH
"MIRANDA, FERNANDO"	FMIRANDA
"MIRRA, NICOLE"	nmirra
"MISHRA, RAHUL"	"MISHRA, RAHUL"
"MISRA, SANJAY"	"MISRA, SANJAY"
"MITCHELL, CHARLSIE"	charlsiemitchell
"MITCHELL, DANA"	DMITCHELL
"MITCHELL, DARIN"	DARINMITCHELL
"MITCHELL, GLADYS"	"MITCHELL, GLADYS"
"MITCHELL, HAYLEY"	"MITCHELL, HAYLEY"
"MITCHELL, JOHN"	jmitchell
"MITCHELL, MAGHEN"	"MITCHELL, MAGHEN"
"MOCHACHE, TANKISO"	"MOCHACHE, TANKISO DR"
"MOGHADAM, SARA"	DR SARA MOGHADAM
"MOHNEY, JOHN"	jmohney
"MOHR, ALEXANDER"	amohr
"MOLINA, MARTA"	mmolina
"Molina-Anstee, Ana"	amolinaanstee
"Molina-Anstee, Ana"	aanstee
"Monaghan, Mary"	mmonaghan
"MONTELEGRE, ALVARO"	AMONTELEGRE
"MONTES, JOSEPH"	jmontes
"Moonat, Saurabh"	saumoonat
"Moonat, Sunita"	sunmoonat
"Moonat, Suresh"	surmoonat
"Moonat, Suresh"	Suresh
"MOORE III, WALTER"	WMOORE
"MOORE, BEN"	bmoore
"MOORE, LANCE"	"MOORE, LANCE"
"Moore, Maribeth D."	maribethmoore
"Moore, Portia Lynette"	portiamoore
"MOORE, REYNA"	rmoore
"MOORE, ROBERT"	robertmoore
"MOORE, STEPHEN"	stephenmoore
"MOOREHEAD, WILL"	wmoorehead
"Moparty, Ravi"	rmoparty
"MORA, YULIET"	ymora
"Morales, Miguel"	mmorales
"MORGAN, NIKKI"	nikkimorgan
"Morrow, Mary"	Mary.Morrow
"Morrow, Robert"	morrowr
"MORTAJI, ASGHAR"	"Mortaji,A"
"Mortimer-Oragwu, Milady"	fpdrs
"Moses, Deborah"	dmoses
"Moses, Ron"	rmoses
"MOSLEY-NUNNERY, ANGELA"	"Mosley-Nunnery, Angela"
"MOSS, MARK"	mmoss
"Mosuro, Y"	ymosuro
"MOYE, J"	jmoye
"Mueck, Gary P."	garymueck
"MUGHAL, NAVEED"	MUGHAL
"Muhammad, Mehdi"	mmuhammad
"Muilenburg, Ralph"	Ralph.Muilenburg
"MUKANA, NSUELA"	NMUKANA
"MUKARDAMWALA, SHAHBUDDIN"	smukardamwala
"MULLANEY, DAN"	"MULLANEY, DAN"
"MUNDY, STEPHANIE"	smundy
"MUNSAYAC, HANG X"	hangmunsayac
"MUNSHI, OMER"	omunshi
"MUNSHI, OMER"	omermunshi
"MUNYOLI, N"	nmunyoli
"MURILLO, AMY"	amurillo
"Murillo, George"	gmurillo
"MURPHY, BRAEDEN"	"MURPHY, BRAEDEN"
"MURPHY, EDWARD"	EMURPHY
"MUSA, HUSSEIN"	MUSAHUSSEIN
"Muscat, Joseph"	jmuscat
"MUSSAJI, MURTAZA"	mmussaji
"Nachimson, Joel"	jnachimson
"NADER, REMI"	reminader
"NAIFEH, ERIC"	"NAIFEH, ERIC"
"NAIR, VINAY"	"NAIR, VINAY"
"NAJIM, SABEEN"	SNAJIM
"Nalliri, Prasada"	pnalliri
"NAMEER, MOHAMMAD"	mohammadnameer
"Nammour, Nicolas"	nnammour
"NAQUIN-CHAPPEL, AMY"	anyquinchappel
"NAQVI, SHAGUFTA"	SNAQVI
"NAQVI, SHAHZEB R"	shahzebnaqvi
"Narang, Harcharan"	hnarang
"Nash, Amy"	anash
"NASH, EDWARD"	E.Nash
"NASIR Jr., NADIM"	nnasir
"NASIR, SYED"	SNASIR
"NASSBAUM, MEYNARD"	MNASSBAUM
"NASSER, GEORGE"	georgenasser
"NASSIRI, JAFAR"	jnassiri
"NAVID, DAVID"	davidnavid
"NAVID, FAHAD"	fnavid
"NAVID, FAHAD"	fanavid
"Naygandhi, Yamini"	ynaygandhi
"NEDRY, BARBARA"	BNEDRY
"NEELY, DEMON"	"NEELY, DEMON"
"NEFF, ROBERT"	robertneff
"NEGRETE, RAMON"	"NEGRETE, RAMON"
"NEIMAN, ABIGAIL"	aneiman
"NELSON, DAVID"	dnelson
"NEMOW, CRAIG"	CNEMOW
"NENA, TOMEKE"	tnena
"NEUBURGER, SCOTT"	SNEUBURGER
"Newland, Donald"	dnewland
"NEWSOME, RAYMOND"	DR RAYMOND NEWSOME
"NEWSOME, REGINALD"	rnewsome
"NGO, MANDY"	mngo
"Ngo, Trang"	tngo
"NGU, BONAVENTURE"	BNGU
"NGUYEN MD, DAVID"	dddnguyen
"NGUYEN, ALEX"	alexnguyen
"NGUYEN, BAILEY"	baileynguyen
"NGUYEN, CHANH"	chanhnguyen
"Nguyen, Dai"	dainguyen
"NGUYEN, DANG"	dangnguyen
"NGUYEN, DAVID"	davidnguyen
"Nguyen, Dawn"	dnguyen
"NGUYEN, DUNG"	dunguyen
"NGUYEN, DUNG"	dungnguyen
"NGUYEN, DZUNG"	dzungnguyen
"NGUYEN, HUNG"	hnguyen
"NGUYEN, HUY"	"NGUYEN, HUY"
"Nguyen, Jennifer"	jnguyen
"NGUYEN, JOHN"	johnnguyen
"NGUYEN, KHAHN"	"Nguyen, Khahn"
"NGUYEN, KIMBERLY"	"NGUYEN, KIMBERLY FNP"
"NGUYEN, LAN A DC"	lnguyen
"NGUYEN, LONG"	longnguyen
"NGUYEN, LONG"	longnguyen2
"NGUYEN, LUAN THE"	luanthenguyen
"NGUYEN, MICHAEL"	"NGUYEN, MICHAEL"
"NGUYEN, NANCY"	nancynguyen
"Nguyen, Nathan"	nathannguyen
"NGUYEN, NGHIA"	nghianguyen
"NGUYEN, NHUYEN"	"NGUYEN, NHUYEN"
"NGUYEN, NICOLE N"	nicolenguyen
"NGUYEN, PHILLIP"	pnguyen
"NGUYEN, STEVEN"	snguyen
"Nguyen, Sun"	sunnguyen
"NGUYEN, TAI"	tanguyen
"Nguyen, Thai Duc"	tdnguyen
"Nguyen, The-Ngoc"	tnguyen
"NGUYEN, THUY"	DR THUY NGUYEN
"NGUYEN, TRANG"	trangnguyen
"NGUYEN, TU DAN HUYNH"	tunguyen
"NGUYEN, TUAN"	tuannguyen
"NGUYEN, VI"	vinguyen
"NICASTRO, ERIC"	"NICASTRO, ERIC"
"NICOLAU, YAMILETH"	yamilethnicolau
"NIEKO, LESI"	llnleko
"NIGAN, MOOL"	mnigan
"Nikicicz, Henry"	"Nikicicz, Henry"
"NIKOLAIDIS, ANDREA"	anikolaids
"Nima, Alinejad"	ANima
"NINH, JAMES"	JNINH
"NINO, DONALD"	dnino
"NIXON, RONNY"	"NIXON, RONNY"
"NLEKO, LESI"	lnleko
"Nolasco, Alan"	anolasco
"NOLASCO, NOEL"	"NOLASCO, NOEL"
"NONG, AMY"	ANONG
"NOOJIN, JANE"	jnoojin
"Noor, Saba"	NSABA
"NOORANI, ANIS"	"NOORANI, ANIS"
"NOSNIK, PEDRO"	"NOSNIK, PEDRO"
"Novosad, B"	BNovosad
"NUNEZ, GEORGE"	GNUNEZ
"NUNNERY, ANGELA"	anunnery
"NUSSBAUM, MEYNARD"	mnussbaum
"Nwokeji, Cordell"	cnwokeji
"OAKLEY, CAROL"	AOAKLEY
"OAMEN, EHIDIAMEN"	"OAMEN, EHIDIAMEN"
"Obi-ofodile, Daniel"	dobiofodile
"Obi-Oodile, Daniel"	OBI
"OBIUKU, UCHENNA"	"OBIUKU, UCHENNA"
"O'Brien, Kevin"	KEVINOBRIEN
"O'CONNOR, PAMELA C"	pamelao'connor
"Odudu, Isaac"	"Dr. Odudu, Isaac"
"OFURUM, KEVIN"	"OFURUM, KEVIN"
"OGBEIDE, MICHELLE"	"OGBEIDE, MICHELLE"
"OGIDAN, PATRICK"	patrickogidan
"OGLESBY, LESLIE"	loglesby
"OGUNLABE, IYABODE"	I.Ogunlade
"OH, JUNG SUN"	"OH, JUNG SUN"
"ohaju, vincent"	vohaj
"oishi, masaka"	"oishi, masaka"
"OISHI, MASAKI"	moishi
"Oistad, Chad Jay"	coistad
"OJO, ODION"	OJO
"OKENYI, SIMON"	SOKENYI
"OKEREKE, JOSEPHAT"	"OKEREKE, JOSEPHAT"
"OKEZIE, OKEZIE"	OOKEZIE
"OKONKWO, NDUBUEZE"	ndubuezeokonkwo
"OKONS, BEATRICE"	"OKONS, BEATRICE"
"Okose, Peter"	"okose, peter"
"Olifant, David"	dolifant
"Oliva, Michel"	Michel.Oliva
"Olivier, Ashley"	"Olivier, Ashley"
"OMENUKOR, KENYA"	"OMENUKOR, KENYA"
"ONDRACEK, MILTON"	MILTON  ONDRACEK L.
"O'NEAL, PATRICK"	"po""neal"
"ONONYE, DOCTOR"	doctorononye
"OOI, SENG"	sooi
"Ordonez, Robert"	Robert.Ordonez
"Orette, Austin"	aorette
"O'ROURKE, Dylan"	do'rourke
"ORRICK, LYNNETTE"	LORRICK
"OSAROLLOR, JANAIR"	"OSAROLLOR, JANAIR"
"OSUJI, IKECHUKWU"	"OSUJI, IKECHUKWU"
"OTT MD, JOHN"	jottmd
"OTT, JOHN"	jott
"OTTMER, ASHLEY"	"OTTMER, ASHLEY"
"OUAIS, SAMIR"	souais
"OUTLAW, JAMES"	"OUTLAW, JAMES"
"OWUSU, BEVERLY"	"OWUSU, BEVERLY"
"OZUNA, EDUARDO"	"OZUNA, EDUARDO"
"PACE, MARY"	mpace
"PACHIE, CHAN"	PCHAN
"PACHIGOLLA, RUPA"	"PACHIGOLLA, RUPA"
"PACK, WILLIAM M"	williampack
"PACKARD, STANTON"	spackard
"PACKARD, STANTON"	PACKARDS
"PAELTZ, JUSTIN"	"PAELTZ, JUSTIN"
"PAIN MGMT, INTERVENTIONAL"	INTER
"PAK, YONG"	"PAK, YONG"
"PAKZABAN MD, PEYMAN"	ppakzaban
"PALAU, LEONARDO"	l.palau
"PALMER, JEFFREY"	JPALMER
"PALMER, KENNETH"	kpalmer
"PALMER, KENNETH D."	kennethpalmer
"Palmeros-Irvine, Alejandra"	apalmero-irvine
"PALUMBO, CARL"	CPALUMBO
"PALWAI, PRASHANTH"	ppalwai
"PAN, SIMON T"	span
"PANDA, SHARMISTA"	sharmistapanda
"PANDEY, RAHUL"	RPANDEY
"PANDYA, PULIN"	pulinpandya
"Panja, Srinivas"	spanja
"PANTOJA, YAIMARA"	yaimarapantoja
"PAPPOLLA, MIGUEL"	mpappolla
"PARDINO, SYDNEY"	"PARDINO, SYDNEY"
"PARENT, LARRY"	"PARENT, LARRY"
"Parghi, Chirag"	cparghi
"Parghi, Chirag"	chparghi
"PARIKH, VAIBHAVE"	PPARIKH
"PARK, JANGWON"	"PARK, JANGWON"
"PARKE, FRANK"	frankparke
"PARKER, GLEN"	gparker
"PARKER, JARED"	"PARKER, JARED"
"PARKER, JEFFERY"	JEFFERYPARKER
"PARKER, MARSHALL"	MPARKER
"PARKER, TAMMY"	tammyparker
"parks, kristy"	kparks
"PARR, THOMAS"	tparr
"PARRISH, ALYSON"	"PARRISH, ALYSON"
"PARRISH, DAVID"	DPARRISH
"PARRISH, JAMES"	JAMESPARRISH
"PARSONS, DEAN"	"PARSONS, DEAN"
"Partain, Josh"	Josh.Partain
"PARTON, NICK"	"PARTON, NICK"
"Paschalis, Thimos"	tpaschalis
"PASHA, RAZA"	rpasha
"PATEL, ALEJANDRA"	ALEJANDRAPATEL
"PATEL, ALEX"	alexpatel
"Patel, Damitra"	dpatel
"PATEL, KIRAN"	Kpatel
"PATEL, MAHENDRA"	"PATEL, MAHENDRA"
"PATEL, MAMTA"	mamtapatel
"PATEL, MENKA"	MENKAPATEL
"PATEL, MINAL"	"PATEL, MINAL"
"PATEL, NILPESH"	"PATEL, NILPESH"
"PATEL, NIMESH N."	nimeshpatel
"PATEL, NIMISH"	nnpatel
"PATEL, PARIK"	"PATEL, PARIK"
"Patel, Pinakin"	pinakinpatel
"PATEL, RAJAN"	RAJPATEL
"PATEL, RAKESH"	rpatel
"Patel, Sandeep"	spatel
"PATEL, SANJAYKUMAR"	sanjaykumarpatel
"PATEL, SHIVANI"	"PATEL, SHIVANI"
"PATEL, TRACY"	tpatel
"PATRINELY, PATRICIA"	PPatrinely
"Pattanaik, Deepak"	DPATTANAIK
"Patton, Eve"	epatton
"PAYNE, KELLEIGH"	kpayne
"PAYNE, SHANNON"	shannonpayne
"PAYROVAN, ARASH"	"PAYROVAN, ARASH"
"PAZ, KATHLEEN GRACE"	kathleenpaz
"PECHENKO, IRINA"	irinapechenko
"PEDROZA, RICHARD"	RPedroza
"PELLICENA, ALEXANDRA"	apellicena
"PENA, LUCIA"	lpena
"PENA, MARGARITA"	"PENA, MARGARITA"
"Pena, Mario"	Mario.Pena
"PERALTA, EDGAR"	EPERALTA
"PERES, VICTOR"	vaperes
"PEREZ DC, DANIEL"	DPEREZ
"PEREZ, ANGEL"	APEREZ
"Perkins, Larin"	lperkins
"PERKINSON III, JOSEPH C."	josephperkinsoniii
"PERRY, BRIAN"	BPERRY
"PERRY, DEBRA"	DPERRY
"Perry, Laura"	LPERRY
"PERVEZ, BOBBY"	bpervez
"PESTINGER, WILLIAM"	"PESTINGER, WILLIAM"
"PETERSEN, EMILY"	emilypetersen
"PETRY, MARCELLE"	"PETRY, MARCELLE"
"Pettiet, Devin"	dpettet
"Pettiet, Devin"	dpettiet
"Pettigrew, Candace"	cpettigrew
"PHAM, ALEXANDER"	"PHAM, ALEXANDER"
"PHAM, AMY"	AmyPham
"Pham, Anthony"	apham
"PHAM, CHI"	cpham
"PHAM, CHUONG"	"PHAM, CHUONG"
"PHAM, DOCTOR"	doctorpham
"PHAM, HAI"	hpham
"PHAM, HAO"	haopham
"PHAM, LINDA"	"PHAM, LINDA"
"PHAM, THANH"	THANHPHAM
"PHAM, THERESA"	"PHAM, THERESA"
"PHAM, TOM"	"PHAM, TOM DR"
"Pham, Tracy"	traceypham
"PHAN, DUC"	dphan
"Phan, Nguyen"	nphan
"Phan, Phillip"	PPHAN
"PHAN, RICK"	rphan
"PHAN, TONY"	tphan
"PHAN, TONY"	PHANT
"Piccione, Jim"	Jpiccione
"Piefer, Jason"	jpiefer
"Pieniazek, Jack"	jpieniazek
"PIERRE WARE, ZENITHE"	zpierreware
"PIKE, ROGER"	"PIKE, ROGER"
"PINCHOT, HARRISON"	HPINCHOT
"PINEDA, RAMON"	RPINEDA
"PIRZADA, NOREAN"	npirzada
"PLAYER, KIM"	"PLAYER, KIM"
"Pochucha, Nathaniel"	Nathaniel.Pochucha
"Podlesney, Steven"	spodlesney
"Pogge, Sangita"	SPOGGE
"Pollack, Lee"	lpollack
"PONCE, FRANK"	fponce
"Pondt, Rochelle"	RPondt
"Pool, Stanley"	pools
"POORVI, SANDESARA"	SPOORVI
"Pope, Michael"	mpope
"POPEK, ANTHONY"	apopek
"POPENEY, CHARLES"	CPOPENEY
"POTTER, JEFFERY"	jefferypotter
"POUSHESH, MAHMOOD"	mhpoushesh
"POWELLSON, MATTHEW T."	matthewpowellson
"PRANGLE, ROBERT"	RPRANGLE
"PRASAD, G V"	GVPRASAD
"PRASARN, MARK"	mprasarn
"PREM, SUNIL"	sunilprem
"PRICE, ERIC"	ericprice
"PRICE, JAKE"	JAKEPRICE
"Prihoda, Christopher"	Cprihoda
"PRINCE, MAURICE"	mauriceprince
"Prine, Matthew"	mprine
"PROCTOR, MICHAEL"	mproctor
"PRUITT, CHANDLER"	"PRUITT, CHANDLER"
"PUENTE, JESSICA"	"PUENTE, JESSICA"
"PULIDO, CHIRSTPPHER"	cpulido
"Purewal, Dalibir"	Dpurewal
"Qadeer, Mohsin"	mqadeer
"QADIR, RABAH"	rabahqadir
"Qadri, Ahamed"	aqadri
"Qadri, Kabir"	kqadri
"Qayum, Meg"	mqayum
"QIU, CUIE"	CQiu
"Quais, Samir"	squais
"QUARLES, MARJORIE A."	marjoriequarles
"QUIAMBO, MIRIAM"	"QUIAMBO, MIRIAM"
"QUIROGA, MARCELA"	mquiroga
"QUIROGA, MORCELA"	m. quiroga
"Quiroz, Victor"	Victor.Quiroz
"Quraishi, Aadam"	aquraishi
"RACE, JENNIFER"	"RACE, JENNIFER"
"RAFATI, TAREK"	trafati
"RAGUTHU, SURYA"	sraguthu
"RAHHAL, DINA NAZIHA"	"RAHHAL, DINA NAZIHA"
"RAHIM, ENAYET"	ERAHIM
"RAHIMIAN, VAHID"	"RAHIMIAN, VAHID"
"RAHMAN, RA'KERRY"	RRAHMAN
"RAI, NILIMA"	NILIMARAI
"RAIJMANN, ISAAC"	iraijmann
"RAINES, SHEDRACK BARNETT"	"RAINES, SHEDRACK BARNETT"
"Rainey, Dennis"	drainey
"RAJ, ANNAMALAI"	"raj, annamalai"
"RAKKAR, STEVEN"	s.rakkar
"RAKLA, FAKHRUDDIN"	frakla
"RAL, NILIMA"	NRAL
"RAMBY, LLOYD"	lramby
"RAMEDEN, THERESA"	theresarameden
"ramineni, naveen"	NRAMINENI
"RAMIREZ, CARLOS"	CRAMIREZ
"RAMIREZ, ERIC"	eramirez
"RAMIREZ, FANNY"	FRAMIREZ
"Ramirez, John"	"JP Ramirez, MD"
"RAMIREZ, MANUEL"	"RAMIREZ, MANUEL"
"RAMIREZ, ROBERTO"	rrramirez
"RAMIREZ-COLON, MIGUEL"	MRAMIREZ-COLON
"Ramiz, Naila"	nramiz
"Ramji, R"	rramji
"RAMOS, ANTIONO"	aramos
"Ramos, Gonzalo"	gramos
"RAMSEY, DAVID"	DRAMSEY
"RANDY, WALKER"	MWakler
"RANKIN, MARY"	mrankin
"RAROQUE, HENRY"	"RAROQUE, HENRY"
"RASHEED, SEEMA"	SRASHEED
"RASSEL, FERNANDO"	frassel
"RAUHAUSER, JEREMY"	DR JEREMY RAUHAUSER
"RAVDEL, ARNOLD"	aravdel
"RAYMOND, PAUL"	PRAYMOND
"RAYSHELL, MARK"	"RAYSHELL, MARK"
"RAZAVI, AHMAD"	arazavi
"REDDING, ANDREIAL"	AREDDING
"REDDY, ARVIND"	areddy
"Reddy, Karunaka"	kreddy
"REDDY, S.K"	sreddy
"REDWINE, JASON"	"REDWINE, JASON"
"REECE, BRIAN"	DR BRIAN REECE
"REED, BRIAN"	breed
"Reed, Charles"	CReed
"REFERRING, PHYSICIAN"	UNKNONW
"REFUGIO, MERCEDITA"	"REFUGIO, MERCEDITA"
"REGALADO, JULIO"	"REGALADO, JULIO"
"REGNER, KENNETH"	KREGNER
"REHMAN, ATTA"	attarehman
"REINER, ERIC"	EREINER
"REINHARDT, CHARLES"	charlesreinhardt
"REMER, STEVEN"	"REMER, STEVEN"
"Renner, William"	William.Renner
"RENTERIA, MIRIAM"	miriamrenteria
"Repp, Kurt"	krepp
"REUBEN, JEFFREY"	jreuben
"REYES, JOSE"	JREYES
"REYES, MARIA"	MREYESS
"REYNOLDS, IAN"	ireynolds
"REYNOLDS, JOSEPH"	JREYNOLDS
"Reza, Syed"	sreza
"RICE, JUSTIN"	justinrice
"RICHARDS, NATHAN"	DR NATHAN RICHARDS
"RICHARDSON, DARRIN"	drichardson
"RICHARDSON, LANCE"	lrichardson
"RICHEY, THOMAS"	trichey
"RICHTER, MAGGIE"	mrichter
"RIELLY, KELLYN"	kellynrielly
"RIHN, MICHAEL"	"RIHN, MICHAEL"
"RIHN, TERESA"	"RIHN, TERESA"
"RINGHOFFER, CASSIE"	"RINGHOFFER, CASSIE PA"
"RIOS, DONATO"	drios
"Rivera, Julio"	jrivera
"RIVERA, RAUL"	rrivera
"ROBERTS, BROOKE"	broberts
"ROBERTS, LUCY"	LROBERTS
"ROBERTS, MICHAEL"	MROBERTS
"ROBICHAU, ALYSIA"	alysiarobichau
"ROBINSON, JED"	jedrobinson
"ROBINSON, KALVIN"	KALVINROBINSON
"ROBINSON, LOUIE"	lorobinson
"ROBINSON, TE'LILA"	LROBINSON
"RODOCKER-WIARDA, KERRY"	KRODOCKER-WIARDA
"RODRIGUEZ, ESTEBAN"	"RODRIGUEZ, ESTEBAN"
"Rodriguez, Jack"	"Dr. Rodriguez, Jack"
"RODRIGUEZ, JOSE"	joserodriguez
"RODRIGUEZ, LUZ"	"RODRIGUEZ, LUZ"
"RODRIGUEZ, MARIO"	"RODRIGUEZ, MARIO"
"RODRIGUEZ, MELISSA"	MRODRIGUEZ
"RODRIGUEZ, PHILIP"	"RODRIGUEZ, PHILIP"
"RODRIGUEZ, SAMUELS"	srodriguez
"ROEGNER, KRISTI"	kristiroegner
"ROESER, ANDREW"	andrewroeser
"ROGERS, BOBBY"	bobbyrogers
"ROGERS, BRICE"	DR BRICE ROGERS
"Rojas, Raul"	rrojas
"Rolon, Sam"	srolon
"Roman, Ernest"	eroman
"Roman, Orlando-Lopez"	oroman
"ROMERO, ALBERTO"	aromero
"ROONGTA, SERUSH"	sroongta
"RORICK, MICHIEL"	mrorick
"ROSE, BLAIR"	"ROSE, BLAIR"
"Rose, Korey"	krose
"Rosen, Robert"	rrosen
"ROSENQUIST, MARY"	maryrosenquist
"ROSENSTEIN, JACOB"	"ROSENSTEIN, JACOB"
"ROSS, BRENDA"	"ROSS, BRENDA"
"ROSSEL, ANIBAL"	arossel
"ROSSEL, JUDY"	judyrossel
"Roth, Jesse"	jroth
"ROTHROCK, ROBIN"	robinrothrock
"ROTHSCHILD, DAVID"	drothschild
"ROUSE, KATHARINE"	krouse
"Rozean, Randy"	Randy.Rozean
"ROZIER, ANTONIO"	"ROZIER, ANTONIO"
"R-SAMUELS, YNES"	ynesrsamuels
"RUBLEE, WILLIAM"	williamrublee
"Ruiz, Veronica"	vruiz
"RULAND, TODD"	"RULAND, TODD"
"Rumalla, Srinivas"	skrumalla
"RUNNELS, TIM"	"Runnels, Tim"
"Runnels, Timothy"	trunnels
"Russell, Vanessa"	vrussell
"RUTH, JEFFREY"	"RUTH, JEFFREY"
"SAADAT, LYNDALL"	lyndallsaadat
"SAADIE, PAUL"	"SAADIE, PAUL MD"
"SABETES Jr., FELIX"	fsabetes
"SACHS, EZEKIEL S"	ezekielsachs
"Saddiqui, Saqib"	Saqib.Saddiqui
"SADEGHPOUR, EGHTEDAR"	esadeghpour
"SAEED, UMAR"	"SAEED, UMAR"
"SAGER, REZIK"	rsaqer
"Sahinler, Bolkar"	Bolkar.Sahinler
"SAID, HANI"	HSAID
"Saidov, Alik"	DR ALIK SAIDOV
"SALVADY, HEMA"	HSALVADY
"Salvato, Patricia"	psalvato
"SAM, JERIN"	jerinsam
"Sam, Kenny"	ksam
"SAMER, TAWAKKOL"	tsamer
"SAMPSON, LORENZO"	lksampson
"Samudia, MD, Ricardo"	rsamudia
"SAMUEL, ASHA"	sasha
"San Martin, Jose"	smartin
"Sanchez, Benny"	bennysanchez
"SANCHEZ, JORGE"	"SANCHEZ, JORGE"
"SANCHEZ, JUAN"	"SANCHEZ, JUAN"
"SAND, GLENN"	gsand
"Sanders, Mark"	msanders
"SANDERS, STEPHEN"	"SANDERS, STEPHEN"
"SANDESARA, POORVI"	PSANDESARA
"SANDS, MARK"	MSANDS
"SANEMAN, MARK"	"SANEMAN, MARK"
"SANJUANA, HORMAZD"	"SANJUANA, HORMAZD"
"SAN-LUIS, JEANETTE"	jeanettesan-luis
"SANSALONE, BRIAN"	bsansalone
"SANSANO, MARK"	"SANSANO, MARK"
"SANTIAGO, ANGEL"	"SANTIAGO, ANGEL"
"SANTIAGO, DOCTOR"	doctorsantiago
"SANTIAGO, JULIO"	"SANTIAGO, JULIO"
"Santiago, MD, Mary"	msantiago
"SANTIAGO, YADIRA"	ysantiago
"Santogrossi, John"	jsantogrossi
"SANTOS, ERIC"	esantos
"Santos, Joseph"	jsantos
"SAPPINGTON, JOHN"	DR JOHN SAPPINGTON
"Sapsowitz, Steven"	ssapsowitz
"SAQER, REZIK"	dr.saqer
"SAROLIA, SEJAL"	SSAROLIA
"SARWAR, JAWAD"	JSARWAR
"SASIN, EDWIN"	edwinsasin
"SASSARD, Walter"	wsassard
"Satija, Pankaj"	psatija
"SATTAR, BEENA"	bsattar
"SAUL, BRIAN"	"SAUL, BRIAN"
"Savage, Paige"	paigesavage
"SAVARD, FREDERICK"	fredericksavard
"Sawhney, Charu"	csawhney
"SAYYAD, BRIAN"	BSAYYAD
"SBONG, VOTKA"	"SBONG, VOTKA"
"Scarborough, Kyle Lee"	kylescarborough
"Scarbrough, Erin"	escarbrough
"SCHAEFFER, LUIS"	LSCHAEFFER
"SCHATTE, EDWARD"	eschatte
"SCHAUDER, KEITH"	KSCHAUDER
"SCHLITT, RAYMOND"	raymondschlitt
"Schmitt, Karl"	kschmitt
"Schmoker, Jennifer"	Jschmoker
"SCHNELL, KENT"	KSCHNELL
"Schneringer, J"	jschneringer
"SCHOESSOW, JREVOR"	jschoessow
"SCHRODER, HAGEN"	"SCHRODER, HAGEN"
"Schroeder, Frank"	fschroeder
"Schroeder, Kimberly"	kschroeder
"SCHULMAN, BRIAN"	BSCHULMAN
"Schupp, Christian Mark"	christianschupp
"Scobercea, Razvan"	razvanscobercea
"SCOBERCEA, RAZVAN"	Scobercea Razvan
"SCOPEL, ANGELA"	angelascopel
"SCOTT, ANNIESHA"	"SCOTT, ANNIESHA"
"SCOTT, DENISE"	"SCOTT, DENISE"
"Scott, Lin"	lscott
"Seabolt, Brian"	bseabolt
"Seay, Leticia"	lseay
"SEBASTIAN, CYRIL"	csebastian
"Seelhoefer, Gregory"	gseelhoefer
"Seelhoefer, Michael"	michaelseelhoefer
"Sellvakumarraj, Pollachi"	psellva
"SEO, RITA"	"SEO, RITA PA"
"SEPULVEDA, YESENIA"	ysepulveda
"SEYMOUR, STAN"	sseymour
"SHABTAI, S"	sshabtai
"SHADE, RONNIE"	"SHADE, RONNIE"
"SHAH, BHADRESH"	bshah
"SHAH, JAECEL O"	jaecelshah
"Shah, Munir"	mshah
"SHAH, SIDDIQI"	shah siddiqi
"SHAH, VISHAL"	vshah
"Shahzad, Atif"	ashahzad
"SHAKERI, SHAHRAM"	SSHAKERI
"SHAKIR, AHMED"	"SHAKIR, AHMED"
"Shannon, Thomas"	thomasshannon
"SHARAFPOUR, FARROKH"	"SHARAFPOUR, FARROKH"
"Sharp FNP, Wendy"	wsharp
"SHATBY, MEENA"	mshatby
"SHATERY, MORTEZ"	mshatery
"SHAW, FREDDRICK"	freddrickshaw
"Shedden, Peter"	pshedden
"Sheehan, Benjamin"	BSHEEHAN
"SHEIH, SAMON"	samonsheih
"Sheih, Samson"	samsonsheigh
"SHELL, JASON"	jshell
"SHELLEY, JASHICA"	"SHELLEY, JASHICA"
"SHEN, JING"	jshen
"Shepard, Paul"	pshepard
"SHEPPARD, MICHAEL"	msheppard
"SHERIFF, HADJI"	"SHERIFF, HADJI"
"Sherrod, Rome"	SRome
"SHETH, MAUSHMI"	"SHETH, MAUSHMI"
"SHIRODKAR, SAMIR"	samirshirodkar
"SHIRSALKAR, ADVAYANAND"	advayanandshirsalkar
"SHIRZAD, PYMAN"	pshirzad
"Shirzadi, Paiman"	pshirzadi
"SHIRZADI, SHAHIN"	shahinshirzadi
"Shuraih, Mossab"	mshuraih
"SHUTKO, NICOLE"	nshutko
"Shybut, Theodore"	tshybut
"Siddiqi, Mohammad"	msiddiqi
"Siddiqi, Shah"	ssiddiqi
"SIDDIQUI, NIHAL U"	nihalsiddiqui
"siddiqui, shah"	SHSIDDIQUI
"SIDHU, ANUPAM"	a.sidhu
"Sidiquee, Mohammad N."	mohammadsidiquee
"SIFF, TODD"	T. SIFF
"SIGG, SHANE"	SSIGG
"Simmons, Jerald"	jsimmons
"SIMMONS, JIMMY"	jasimmons
"SIMMONS, SABRENA"	SSIMMONSDC
"SIMMONS, SABRINA"	"SIMMONS, SABRINA DR."
"SIMONS, NATHAN"	nathansimons
"Simpson, Shane"	ssimpson
"Sims, Caitlin"	Caitlin.Sims
"SIMS, SCOTT"	ssims
"SIMS, STEPHEN M"	stephensims
"SIMS, STEVEN"	SSim
"Singh, Balbir"	bsingh
"SINGH, HARVINDERAL"	hsingh
"SINGLETON, DAVID"	dsingleton
"SIROPAIDES, MICHAEL"	MSIROPAIDES
"Sison, Blandina"	bsison
"SKOLNIK, ANDREW"	"SKOLNIK, ANDREW"
"Slade, Nicholas"	Nslade
"SLAGOWSKI, TYLER"	tslagolwski
"SLAUGHTER, JOHN"	jslaughter
"SLEIMAN, JOSEPH"	JSLEIMAN
"Small, Tamara L."	tamarasmall
"SMITH, AMBER"	"SMITH, AMBER"
"SMITH, BOB"	bsmith
"Smith, Brice"	bsmith1
"SMITH, BRITTANY"	BRITTANYSMITH
"SMITH, CORNELL"	CORNELLSMITH
"Smith, Dennis"	dsmith
"SMITH, KEILAND"	"SMITH, KEILAND"
"SMITH, KEVIN"	kevsmith
"SMITH, MICHAEL"	MICHAELSMITH
"SMITH, MICHAEL"	"SMITH, MICHAEL"
"SMITH, PAUL"	psmith
"Smith, Roger"	SRoger
"SMITH, TOM"	tsmith
"Smith-Taxis, Katherine A."	katherinesmith-taxis
"SNODGRASS, KEVIN"	Ksnodgrass
"SOBERANIS, JOSE ALEX"	"SOBERANIS, JOSE ALEX"
"SOFOLA, IFEOLUMIPO"	ifeolumiposofola
"SOHRABIAN, HAMID"	hsohrabian
"Sokhon, Kozhaya"	ksokhon
"SOLCHER, PATRICK"	PSOLCHER
"SOLIZ, ROBERTO"	rsoliz
"SPAFFORD, ANDY"	andyspafford
"SPAHR, JASON"	JSPAHR
"Sparkman, Chris A."	chrissparkman
"Sparks, John"	JOSPARKS
"Sparks, John C."	johnsparks
"SPATES, DORRETTA"	"SPATES, DORRETTA"
"SPAULDING, JEFFREY"	"SPAULDING, JEFFREY"
"SPECK, FRED"	fspeck
"SPENCER, STEVEN"	sspencer
"SPIES, BRANDT"	BSPIES
"Spine adn Sport, Vanguard"	vanguardspine
"SPINKS, DAVID"	DSPINKS
"Spinks, Delores"	delspinks
"SPIRES, ALLEN L"	aspires
"Spires, Marry Anne"	mspires
"Spooner, Keith"	kspooner
"SPRADLIN, JAMES"	jspradlin
"SPRINGER, TERRY"	TSpringer
"Springer-Bryant, Paula"	paulaspringer-bryant
"Sprintz, Michael"	michaelsprintz
"ST. MICHEL, CHRISTINA"	christinast.-michel
"Stafford, Andrew"	astafford
"STAFFORD, NAVARRO"	navarrostafford
"STALLINGS, STEVEN KENNETH"	stevenstallings
"STANLEY, DOUGLAS"	douglasstanley
"STANLEY, JAMES"	JSTANLEY
"STANSBURY, EMILY"	estansbury
"STAPP, BRIAN"	bstapp
"STARKS, GIOVANNA"	giovannastarks
"STARRY, BRIAN"	"STARRY, BRIAN"
"STEADHAM, CAMERON"	"STEADHAM, CAMERON"
"STEELE, JOHN"	JOHNSTEELE
"STEELHOEFER, GREG"	gsteelhoefer
"Stelmach, Scott"	sstelmach
"STENSON, DERRICK"	dstenson
"STEPHEN, ESSES"	EStephen
"STEPHENS, MATILDA"	matildastephens
"STEPHENS, PETER"	pstephens
"STEWART, KENDAL"	KStewart
"Stillwagon, Donald E."	donaldstillwagon
"STOCKS, GREGORY"	GSTOCKS
"STOCKS, JAMES"	jamesstocks
"Stokes, George"	gstokes
"STOKES, JERRY"	"STOKES, JERRY"
"STOLTZ, INSON"	"STOLTZ, INSON"
"Stoval, Suzanne"	sstoval
"Stovall, Suzanne M."	suzannestovall
"Stowe, Krenie"	kstowe
"Strapp, Judith"	jstrapp
"STRASSER, TRAVIS"	"STRASSER, TRAVIS"
"STRAUS, BRIAN"	"STRAUS, BRIAN"
"Strausser, David"	dstrausser
"STRAUSSER, DAVID W"	davidstrausser
"STRETCH, T BRIAN"	tstretch
"Stringfellow, Amy"	astringfellow
"STROHKORB, JERRY"	j.strohkorb
"STUHLMAN, CASEY"	caseystuhlman
"SUAREZ, HUGO"	HSUAREZ
"SUBRAMANIAN, JOYSREE"	"SUBRAMANIAN, JOYSREE"
"SUBRATA, GHOSH"	sghosh
"Sudhakaran, Bindu"	bsudhakaran
"Suki, Samer"	ssuki
"Sukin, Steven"	ssukin
"Sulaiman, Jasmine"	jsulaiman
"Sunkavally, Sriniva"	ssunkavally
"SUN-WRIGHT, AMIE"	amiesun-wright
"SUPERVILLE, THOMAS"	TSUPERVILLE
"SURACE, JOSEPH"	"SURACE, JOSEPH"
"Surdukan, Lisa"	lsurdukan
"SWANN, KARL"	"SWANN, KARL"
"SWARTZTRAUBER, MICHAEL"	mswartztrauber
"SWEAT, MIGNON"	MSWEAT
"Sweeney, Jeffrey C."	jeffreysweeney
"SY, SOI"	"SY, SOI"
"SYAL, ASHU"	ASYAL
"SYED, SHAHID"	ssyed
"Sylvestri, Terri"	tsylvestri
"SYNEK, THOMAS"	tsynek
"SZABO, J. ROBIN"	jszabo
"SZETO, JEREMY"	jszeto
"TABA, MICHAEL"	"TABA, MICHAEL"
"TABIBI, WASAE"	WTABIBI
"TADIA, RIAZ"	"TADIA, RIAZ"
"TADIKONDA, SREENIVASA"	sreenivasatadikonda
"Taher, Shawn"	staher
"TAHIR, ZAFAR"	zafartahir
"Taitel, Arthur"	ATAITEL
"TAIWO, JOSEPH"	"TAIWO, JOSEPH"
"TAKASE, KOUJI"	ktakase
"TALOSIG, VINCENT"	vtalosig
"TAM, JOHN"	jtam
"TAN, SIMON"	"TAN, SIMON"
"TANKSLEY, JOHN A"	johntanksley
"TANNOUS, ANN"	ATANNOUS
"Tao, Qingguo"	qtao
"TAO, SAMMY"	stao
"TAO, SEAN"	stao1
"Tarek, Fahl"	ftarek
"TARIG, SHABREZ"	shabreztarig
"TARIQ, SHABREZ"	stariq
"TAVAREZ, ERIK"	e.tavarez
"TAWAKKOL, SAMER"	stawakkol
"TAY, CHHAY"	ctay
"Taylor, Jill"	jtaylor
"TAYLOR, RONALD"	rtaylor
"Taylor, Thea"	taylorth
"Taylor, Trina"	ttaylor
"TEA, AMARA"	ATEA
"TERAN, EDWIN"	eteran
"TERRY, LANCE"	LTERRY
"THAKKAR, HARISH"	hthakkar
"Thaljeh, Faisal"	FThaljeh
"THALJI, REIF"	reifthalji
"Tham, Lori"	ltham
"THAPAR, PANKAJ"	"THAPAR, PANKAJ"
"Tharian, Brenda"	brendatharian
"THE-NGOC, NGUYEN"	nnguyen
"THIBODEAUX, BROOKE"	BTHIBODEAUX
"THIBODEAUX, CRYSTAL"	CTHIBODEAUX
"THOMAS DO, SALLY"	sallythomasdo
"Thomas, Andrew"	athomas
"THOMAS, ANDY"	andythomas
"Thomas, Angela"	angelathomas
"Thomas, Annie"	anniethomas
"Thomas, Lindsey"	lthomas
"Thomas, Melissa"	mthomas
"Thomas, Timothy"	tthomas
"THOMPSON, ADDISON"	athompson
"THOMPSON, DAVID"	davidthompson
"Thompson, Mel"	mthompson
"THOMPSON, PATRICIA D"	patriciathompson
"Thompson, Paul"	pthompson
"THOMPSON, SHANE"	"THOMPSON, SHANE"
"Thompson, Tara"	tthompson
"THORNTON, DAVID"	"THORNTON, DAVID"
"Tieperman, Robert Thomas"	Robert.Tieperman
"TIEU, PHUONG"	"TIEU, PHUONG"
"TILMON, JOHN"	JOHNTILMON
"Tilney, Vanessa"	vtilney
"Timmons, Kiley"	Kiley.Timmons
"TINKER MD, ARLENE"	ATINKER
"TIONGSON, BEN"	btiongson
"TIU, ALEXANDER"	ATIU
"TO, JONATHAN"	JTO
"TOLLIVER, TIFFANY"	TOLLIVER
"TOMA, SHIVANI"	shivanitoma
"Tomaszek, David"	dtomaszek
"TOMASZEK, DAVID"	davidtomaszek
"Tompkins, Bryan"	btompkins
"TON, CAMDI"	"TON, CAMDI"
"TONDERA, ERIC"	erictondera
"TONG, ISAAC"	"TONG, ISAAC"
"TONG, JON"	jtong
"TONG, PHUONG"	"TONG, PHUONG"
"TORRES, FERNANDO"	ftorres
"Torres, Norman"	normantorres
"TORRES, SAUL"	storres
"TORRES-BARRE, LAURA"	LTORRESBARRE
"torrey, jason"	jtorrey
"TRABANINO, GUILLERMO"	GTRABANINO
"TRAN, ALAN"	atran
"TRAN, BRIAN"	btran
"TRAN, HAI"	htran
"TRAN, LAURA"	ltran
"TRAN, NICOLE"	NICOLETRAN
"Tran, Quincy"	qtran
"TRAN, THUAN"	ttran
"TRAN, TONY"	ttrann
"Trappey, Claire"	ctrappey
"TRAWEEK, GIDEON"	"TRAWEEK, GIDEON"
"TRAYLOR BURNS, LETITIA"	LTRAYLORBURNS
"TRENT, AFRICA"	atrent
"TRICE, MICHAEL"	mitrice
"TRINH, CUONG"	ctrinh
"TRIPATHY, ASHOK"	ATRIPATHY
"TRITZ, JANA"	janatritz
"TROWBRIDGE, JOHN"	jtrobridge
"TRUONG, HANH"	htruong
"TRUONG, MICHAEL"	mtruong
"Tseng, Tiffani"	ttseng
"Tumalad, Joe"	jtumalad
"TURNER, DEBORAH"	dturner
"Turner, Tracy"	tturner
"TWYMAN, CAROL ANN SHELTON"	caroltwyman
"TYER, KENNEDY K"	kennedytyer
"TYLER, KENNEDY"	ktyler
"TYLER, PHILIP"	TPHILIP
"TYLER, PHILLIP"	PTYLER
"Ughovwa, MD, Ejiro"	eughovwa
"UKEMI, MARY"	mukemi
"UKWADE, PHILIMINA"	PUKWADE
"UMOH, DOROTHY"	"UMOH, DOROTHY"
"UNG, DAN"	danung
"Unkel, Colleen"	cunkel
"Upchurch, Angela"	aupchurch
"URBIZTONDO, NED"	"URBIZTONDO, NED"
"URIBE-TORRES, BRENDA"	BURIBETORRES
"User, Athena"	athenaview
"UZODINMA, OBINNA"	OUZODINMA
"VACLAVIK, MATT"	mvaclavik
"Vaibhave, Parikh"	pvaibhave
"VALDEZ, GEORGE"	GValdez
"Valenzuela, Brandi"	bvalenzuela
"VALICEK, RYAN"	rvalicek
"VALLE, CHRISTOPHER J"	christophervalle
"VANBIBER, RUSSELl"	rvanbiber
"VANN, MARK"	vmark
"VANWAGENEN, KATHERINE"	KVANWAGENEN
"VANZANT, ROBERT"	rvanzant
"VANZANT, TONY"	TVANZANT
"VANZANT, TONY"	"VANZANT, TONY"
"VAQUERANO, JUAN"	JVAQUERANO
"VARELA, LOUIS"	L. VARELA
"Vargas, Karoly"	kvargas
"VARGAS, LISA"	VARGASL
"VARGAS, RAUL"	RVARGAS
"VARGHESE, JILU"	jiluvarghese
"VARGO, DENISE"	dvargo
"VARIA, APURV"	avaria
"Varughese, Annie"	avarughese
"VASCOCU, SHELBY"	svascocu
"VASQUEZ, ANTHONY"	avasquez
"Vejlani, Fehnida"	fvejlani
"Vela, Oscar"	ovela
"Venkatesh, Rati"	rativenkatesh
"VERHEUL, CHRISTOPHER"	CVERHEUL
"VICTORINE, DOCTOR"	doctorvictorine
"VIDAL, OMAR"	OVIDAL
"Vidovic, Gregory"	gvidovic
"VIERNOW, JOSEPH"	JVIERNOW
"VILELA, RONALD J."	ronaldvilela
"VILLACRES, DAVID"	DVILLACRES
"VILLALOBOS, JACKELINNE"	jvillalobos
"Vinh, Baominh"	bvinh
"VINNING, JEFF"	"VINNING, JEFF"
"VINTON, ELIZABETH"	"VINTON, ELIZABETH"
"Virani, Haider"	hvirani
"VIRANI, KIRAN"	kiranvirani
"VO, LINH"	lvo
"VO, THI"	thivo
"VO, THIENTUAN"	"VO, THIENTUAN"
"VOLPI, JOHN"	JVolpi
"VOLTAIRE, BRION"	bvoltaire
"VONHEUEL, MARGARET"	mvonheuel
"VRTIS, MARGO"	"V, MARGO"
"VU, DUNG"	dvu
"VU, GIANG"	gvu
"VU, HAN"	hvu
"VU, JOE"	jvu
"VU, NHAT"	nvu
"VU, PAUL"	"VU, PAUL"
"VUONG, TAM"	tvuong
"VUPPALI, MADHAVILATHA"	madhavilathavuppali
"VYVIAL, LAUREN"	LAURENVYVIAL
"Wade, Edward"	ewade
"WADE, LISA"	lisawade
"Wadiwala, Irfan"	iwadiwala
"WADLEY, ARTELIA"	AWADLEY
"WALI, GOUHER"	gouherwali
"WALKER, CHRISTINA"	CWALKER
"WALKER, JASON"	"WALKER, JASON"
"WALKER, MARK"	mwalker
"Walker, Randy"	RWalker
"Wallace, David"	dwallace
"WALLER, ANGELA O"	angelawaller
"WALLER, MARCUS"	"WALLER, MARCUS"
"WALLER, STEPHEN"	"WALLER, STEPHEN"
"WALLS, ARIEL"	ARIELWALLS
"Walls, Michael"	michaelwalls
"Walsh, Amy"	awalsh
"Walters, Joseph"	jwalters
"WALTERS, REBECCA"	rwalters
"Wang, Benny"	bennywang
"WANG, JEFF"	jeffwang
"Wang, Jeremy"	jwang
"WANG, JIMIN"	jiminwang
"WANG, PETER"	"WANG, PETER"
"WANG, XIN"	xwang
"WANIA, DARIUS"	dwania
"WANIA, DARIUS"	dwania1
"Ward, Charles"	cward
"WARD, LARRY"	LARRYWARD
"Ward, Paige"	pward
"WARDLAY, BRUCE"	"WARDLAY, BRUCE"
"WARE, PATRICK"	"WARE, PATRICK"
"WARNEKE, AMANDA"	"WARNEKE, AMANDA"
"Warner, Elizabeth"	ewarner
"Warnock, K. Mathew"	kwarnock
"Washburn, Nancy"	nwashburn
"WASHINGTON, EBONY"	E.Washington
"WASSERMAN, JEFFREY"	"WASSERMAN, JEFFREY"
"Watson, Kathleen Ann"	kathleenwatson
"WATSON, KRISTOPHER"	kristopherwatson
"Weaver, Cecilia"	weaverc
"Webber, Joseph"	JWEBBER
"WEDDLE, BRYAN"	"WEDDLE, BRYAN"
"WEINER, BRADLEY"	bweiner
"Weir, Susan"	sweir
"WENZEL, LISA"	lwenzel
"WESTERFIELD, TRANISHIA"	"WESTERFIELD, TRANISHIA"
"Westmoreland, James"	jameswestmoreland
"Wetzel, Stuart P."	swetzel
"WETZLER, SAVANNAH"	savannahwetzler
"Wheeler, Nolan"	nwheeler
"WHITAKER, LARRY"	lwhitaker
"WHITE, CHRISTINA"	CWHITE
"WHITE, DOCTOR"	doctorwhite
"White, Jeffrey"	JeWhite
"WHITFIELD, PAIGE"	paigewhitfield
"Whitley, Michael"	mwhitley
"WHITTAKER, JP"	jpwhittaker
"WIEDERHOLZ, MATTHIAS"	MWIEDERHOLZ
"WILKERSON, ROBERT"	rwilkerson
"Willens, Barry"	bwillens
"WILLENS, BARRY"	barrywillens
"William, Reda"	rwilliam
"WILLIAMS, ADRIENNE M"	adriennewilliams
"Williams, Balmore"	bwilliams
"WILLIAMS, CRYSTA"	cwilliams
"WILLIAMS, DANA"	danawilliams
"Williams, Kirk"	kwilliams
"Williams, Phillip"	Phillip.Williams
"WILLIAMS, RENEE"	reneewilliams
"Williams, Shae"	Shae.Williams
"WILLIAMS, STEPHANIE"	STEPHANIEWILLIAMS
"WILLIAMS, VICTORIA"	vwilliams
"WILLIAMSON, BRYAN"	bwilliamson
"WILLIAMSON, DENNIS"	"WILLIAMSON, DENNIS"
"WILLIAMSON, DOCTOR"	doctorwilliamson
"WILLIS, BRIAN"	brianwillis
"Wilson, Pamela"	pwilson
"WILSON, STEPHEN LEE"	"WILSON, STEPHEN LEE"
"WILSTEAD, JOEL"	JWILSTEAD
"WIMBERLY, DAVID"	DWimberley
"Wingo, Susan"	swingo
"WINKEL, ERWIN"	erwinwinkel
"WINKELSTEIN, ABRAHAM"	AWinkelstein
"Winston, Barry D."	barrywinston
"WINTZ, RUTH"	RWINTZ
"Wirth, Cheryl"	cwirth
"Wisdom, Lori"	lwisdom
"Wisiackas, Phillip"	pwisiackas
"WITHERSPOON, PRESTEN"	"WITHERSPOON, PRESTEN"
"WOLFE, SCOTT"	scottwolfe
"WOLFINGTON, BEN"	"WOLFINGTON, BEN"
"WOLFORD, MICHAEL"	MWOLFORD
"Wolken, Duyen N."	duyenwolken
"WONG, CHIT"	CWONG
"WONG, SERGIO"	sergiowong
"Woo, Cindy"	cynwoo
"WOO, LILLIANA"	lwoo
"WOOD, MEGAN"	"WOOD, MEGAN"
"WOODARD, GREGORY"	gwoodard
"WOODARD, RONALD"	"WOODARD, RONALD"
"Woodcox, Laura"	lwoodcox
"WOODLEY, MARGARET"	"WOODLEY, MARGARET"
"Woodrome, Robert"	rwoodrome
"Woods, William"	wwoods
"WOODY, JOSHUA"	JWOODY
"WOOLFOLK, WILLIAM"	WWOOLFOLK
"WOYWOOD, R. BRIAN"	"WOYWOOD, R. BRIAN"
"Wright, Randall"	rwright
"Wu, Kenneth"	kennethwu
"WU, STANLEY"	"WU, STANLEY"
"WUNG, EDDIE"	EWUNG
"WYATT, JASON"	JASONWYATT
"Wyatt, John"	jwyatt
"WYNN, MICHAEL"	mhwynn
"Yabar, Cesar F."	cesaryabar
"YAKKALA, KARISHMA"	"YAKKALA, KARISHMA"
"YANCEY, WILLIAM"	williamyancey
"Yang, Stanley S"	stanleyyang
"YAO, SHENG-KUN"	syao
"YATES, MARILYN"	"YATES, MARILYN"
"Yau, Philbert T."	philbertyau
"YBARRA, T. DANIEL"	tybarra
"YE, JOHN QI-LI"	JYE
"YEH, PETER"	PYEH
"Yezak, Mark"	myezak
"Yllana-Sheppard, Aurora"	ayllanasheppard
"Yom, Sun"	sunyom
"YOUNAS, NIZAR"	nizaryounas
"YOUNG, DUSTIN"	DYOUNG
"Young, Jeffrey"	jyoung
"Young, Melissa"	myoung
"YOUNG, MONSHONDA"	MONSHONDAYOUNG
"YOUNG, STEPHEN"	syoung
"Youngblood, Todd"	toddyoungblood
"YOUNGBLOOD, TONYA"	TYOUNGBLOOD
"YOUSAF, WAJEEHA"	WYOUSAF
"YUN, SOYOUNG"	Soyoung.Yun
"YUNCKER, BRYAN"	BYUNKER
"Zacca, Nadim"	nzacca
"Zachariah, Pheba"	phebazachariah
"ZAID, MAZIE"	mzaid
"ZAIDI, SYED"	szaidi
"Zalenski, Brad"	bradzalenski
"ZAMORA, ALVARO"	azamora
"ZAMORA, JUAN"	"ZAMORA, JUAN"
"Zatorski, Jeff"	jzatorski
"ZEIN, GHASSAN"	"ZEIN, GHASSAN"
"ZEPEDA, LUIS"	lzepeda
"ZHAO, YU"	"ZHAO, YU"
"ZIA, MOHAMMAD"	MZIA
"ZIAKAS, GEORGE"	G.Ziakas
"ZICTERMAN, ROBERT"	rzicterman
"Zieglar, Katy"	kzieglar
"Ziegler, John"	JZIEGLER
"Ziegler, Kathryn"	kziegler
"Zielie, Patrick"	pzielie
"ZIMMERMAN, CHRISTIAN"	czimmerman
"Zobal, Kimberly"	kzobal
"Zubay, Jeff"	jzubay
"ZULQARNAIN, MUHAMMAD"	"ZULQARNAIN, MUHAMMAD"
"ZUNIGA, DARIO"	dzuniga1
"ZWEIGHAFT, RONDALD"	RZWEIGHAFT
